address,danmakus,favorites,play_nums,review,title
http://www.bilibili.com/video/av596136940,961,217968,22790190,1459,摆脱春夏内衣“闷热”！与内衣和解，小胸显大不空杯！
http://www.bilibili.com/video/av696760524,20163,456239,15085093,13854,『从头看她』1920-2020，中国女性发型的百年变迁
http://www.bilibili.com/video/av292410332,32689,454179,14190475,14977,1920-2020 百年变迁，我眼中的中国女性真实之美。
http://www.bilibili.com/video/av116701978955142,16281,352991,14073935,7112,穿搭测评交友
http://www.bilibili.com/video/av848646785,19057,537621,13524234,12252,“他们不像是走秀，倒像是来赴宴的......”| 前方高能·国风大典混剪
http://www.bilibili.com/video/av115117454925391,738,256763,12147644,1080,耗时半年复刻电影里灰姑娘公主裙！每个女孩的公主梦都应该被实现呀
http://www.bilibili.com/video/av116486660161710,688,54905,11756501,6430,永远都不知道对手是什么“糕手”
http://www.bilibili.com/video/av586587684,1910,11226,11238111,2217,Zara今年的衣服绝了，这种请问谁能穿！
http://www.bilibili.com/video/av517202645,1947,126663,11007021,6709,海澜之家空中变装
http://www.bilibili.com/video/av656228849,21543,195683,10711014,8574,漫画胸能不能走出现实啊？？？？
http://www.bilibili.com/video/av116566670708514,9090,65186,9679006,9672,No cap =)))
http://www.bilibili.com/video/av1801723188,0,85030,9319844,55,男生网上买衣服，关键词怎样搜才不会踩雷！
http://www.bilibili.com/video/av201032947,5478,139361,9015952,5120,王祖贤，你TM到底怎么做到时尚超前20年的？
http://www.bilibili.com/video/av201591643,25366,66466,8962255,4777,“穿”衣服挑战！01
http://www.bilibili.com/video/av583721525,44745,341645,8601055,12972,是的姐妹！你凭本事刷到了这个视频～
http://www.bilibili.com/video/av711873334,56,27391,8250151,110,现在准备卷死他们！情人节送鞋指南，直男看了都会喜欢的鞋子！
http://www.bilibili.com/video/av113684110119122,400,81354,7978964,141,挑战用睡衣把残疾女孩爆改成天使！美到落泪
http://www.bilibili.com/video/av1900185007,819,99103,7862320,3072,我的设计我来疼
http://www.bilibili.com/video/av856918233,4277,206454,7803733,1831,渐变色，但是很上头 ⚡️叮叮当当舞⚡️
http://www.bilibili.com/video/av113741068768998,4588,74433,7755340,4219,2024—网络热点妆容图鉴
