排名,av_id,标题,播放量,UP主,UP主UID,粉丝数,点赞数,投币数,收藏数,分享数,弹幕数,评论数,标签,深度互动比(币+藏/赞),互动密度,收藏率,粉丝转化率,分享率,深度互动得分,互动密度得分,收藏率得分,转化率得分,分享率得分,视频年龄(小时),发布时间,价值综合评分
1,116971253274492,《下一个是谁》第七季（2）,1524623,自来卷三木,474702359,3086012,214602,273058,86673,9469,73952,13081,"综艺,游戏,竞技,生活,搞笑,UP主自制综艺,up主综艺,下一个是谁,挑战,影视飓风",1.6763,0.4338,0.0568,0.494,0.0062,1.0,1.0,0.8625,0.0039,0.18,15.49,2026-07-24 12:00:00,0.7909
2,116952160863790,极寒末日96分钟无删减合集,1452195,华萧AIGC,3706997046249908,12118,44015,27536,43400,11442,14597,2645,"末日生存,末日,极寒末日,末日安全屋,末世,合集,一口气看完",1.6116,0.091,0.0299,119.8378,0.0079,0.9594,0.1564,0.4299,0.9874,0.2293,103.55,2026-07-20 19:56:37,0.5826
3,116963619635236,⚡赤石科技！⚡牢大复活机,1286390,栋子子子,395971149,10599,102209,4939,84159,10823,175,1076,"红石,原创,沙盒游戏",0.8717,0.1497,0.0654,121.369,0.0084,0.4947,0.3008,1.0,1.0,0.2451,55.14,2026-07-22 20:27:40,0.5729
4,116972847106316,袜学导论：从脚踝到大腿，袜子如何成就二次元的顶级暗示！【泛式/次元论战】,1172184,泛式,63231,6686203,125453,85288,48225,23674,9183,8561,"科普,搞笑,路人女主的养成方法,新番,泛式,杂谈,吐槽,过膝袜,鬼灭之刃,bilibili次元论战",1.0642,0.2361,0.0411,0.1753,0.0202,0.6156,0.5134,0.6105,0.0012,0.5933,16.13,2026-07-24 11:38:15,0.5254
5,116968652867214,《败犬共鸣者太多了！》,494556,汐汐不想睡大街,30898527,801413,93187,38219,24901,9038,629,1790,"搞笑,动画短片,手书,今汐,鸣潮创作激励计划,珂莱塔,爱弥斯,秧秧·玄翎",0.6773,0.3209,0.0504,0.6171,0.0183,0.3726,0.7223,0.7582,0.0049,0.5365,33.67,2026-07-23 17:56:20,0.5168
6,116951137388659,树恨你,8169933,鲤鱼Ace,15634833,30370000,976418,626594,317970,70165,485415,145224,"搞笑,魔性,trees hate you,树恨你,树讨厌你,鲤鱼,鲤鱼Ace",0.9674,0.3123,0.0389,0.269,0.0086,0.5548,0.7011,0.5748,0.002,0.2503,107.89,2026-07-20 15:36:08,0.5096
7,116973216276213,Verity 官方配音演员回答网友最想知道的问题,298928,JustWhispy,3707035986168159,216984,49103,13591,17598,766,6796,3055,"学习,问答,游戏,我的世界,配音,Verity,互联网",0.6352,0.3016,0.0589,1.3776,0.0026,0.3461,0.6746,0.8949,0.0111,0.0723,14.37,2026-07-24 13:14:18,0.4771
8,116972947775120,【巫师】一字断魂刀，绞杀国家队，中国第一游资徐翔的资本博弈,148639,巫师财经,472747194,4307876,8477,3880,4768,2088,684,668,财经,1.0202,0.1243,0.0321,0.0345,0.014,0.5879,0.2383,0.4651,0.0001,0.4116,9.61,2026-07-24 18:00:00,0.3995
9,116974122174388,“弦起敦煌，壁画再世！”【鸿音】,143961,紫颜-小仙紫,35579222,1872103,10292,2946,6364,477,171,315,"中国舞,中国风,4K,敦煌,古典舞,鸿音,紫颜,长视频舞蹈匠心计划",0.9046,0.1395,0.0442,0.0769,0.0033,0.5153,0.2758,0.6597,0.0004,0.0944,10.47,2026-07-24 17:07:59,0.3907
10,116974860374045,直哉挑衅佐助  十尾空降涩谷,163897,牙牙的包裹,3493279194679455,1297991,20388,10831,4632,1470,778,1730,"火影忍者,二次元,动漫,鸣人,佐助,咒术回战",0.7584,0.234,0.0283,0.1263,0.009,0.4236,0.5084,0.4039,0.0008,0.2615,7.31,2026-07-24 20:10:44,0.3824
11,116968686360193,“人生不需要赢下每一场比赛”,90934,CSGO国服,48455786,1632560,12338,4202,3040,1041,79,597,"电子竞技,精彩集锦,cs,Niko,falcons",0.587,0.2228,0.0334,0.0557,0.0114,0.3159,0.4806,0.4868,0.0003,0.3348,8.77,2026-07-24 19:00:00,0.3616
12,116967042256903,aespa《KISS N TELL》MV,530370,SMTOWN,3493085782739496,940718,39536,14221,11476,8340,39664,4405,"aespa,KISS N TELL,æspa",0.65,0.2061,0.0216,0.5638,0.0157,0.3554,0.4396,0.2976,0.0044,0.4612,28.61,2026-07-23 23:00:00,0.3404
13,116966471766229,森罗物语扩展包/沉浸式吃播展示 （部分）,1194124,拾依CC,2031675773,16472,97190,1616,40089,10707,499,1816,"沙盒游戏,我的世界,像素风",0.4291,0.1183,0.0336,72.4942,0.009,0.2167,0.2234,0.4891,0.5972,0.2615,43.07,2026-07-23 08:41:42,0.3154
14,116972763356532,《绝区零》蕾米埃尔角色展示 | 恰如往昔,1907676,绝区零,1636034895,7926505,133304,75705,34080,20747,9767,11968,"手游,PC,ARPG,绝区零挽昼,绝区零3.1,绝区零蕾米埃尔,漫长的告别,米哈游,绝区零",0.8236,0.1388,0.0179,0.2407,0.0109,0.4645,0.2741,0.2371,0.0018,0.3179,15.49,2026-07-24 12:00:00,0.3105
15,116963418312973,颠覆行业？索尼FX5深度评测,1439188,影视飓风,946974,16797068,97186,57886,24180,12403,11542,5314,"科技猎手,4K,摄影,SONY,评测,索尼,FX5,拍摄,影像,器材",0.8444,0.1363,0.0168,0.0857,0.0086,0.4776,0.2678,0.22,0.0005,0.2512,53.43,2026-07-22 22:20:00,0.3033
16,116974105401020,被3000名网友操控的青海之行，第一顿就吓哭了...,212371,盗月社食遇记,99157282,8413366,16118,6951,4120,2220,2623,698,"烧烤,生活记录,高能,记录我的美食日常,沐上树梢,盗月社超级特派员,网友,西宁美食,青海旅行,青海美食",0.6869,0.1437,0.0194,0.0252,0.0105,0.3786,0.286,0.2617,0.0,0.3054,9.58,2026-07-24 17:55:00,0.2869
17,116974071908168,接着奏乐接着舞！Papi酱《生气了》KPOP版,79023,吉事堡,1447736,9084,6282,2400,1209,1740,201,510,"女团,韩国女团,音乐,生气了,回归预告,papi酱,K-Pop,AI音乐,AI翻唱,AI音乐征集大赛",0.5745,0.1342,0.0153,8.6991,0.022,0.308,0.2626,0.1959,0.0715,0.6471,7.5,2026-07-24 20:00:00,0.2845
18,116969558769868,大学10大谣言,492865,子阳老学长,1368704923,31850,57634,694,19816,1125,244,1182,"大学,谣言,大学生",0.3559,0.1614,0.0402,15.4746,0.0023,0.1707,0.3297,0.5955,0.1273,0.064,29.89,2026-07-23 21:42:58,0.2804
19,116951724594222,大狗嚼  这一口会很疯狂！,9796711,颖杏遗传being,1661480563,128918,718542,45612,246721,44667,1151,9520,"被生活磨平了棱角,大狗叫,毛茸茸的夏天",0.4068,0.1043,0.0252,75.9918,0.0046,0.2027,0.189,0.3545,0.626,0.1313,105.56,2026-07-20 18:02:37,0.2648
20,116974139021109,这是张震岳最被低估的一张专辑丨HOPICO十分专辑,144208,HOPICO,261485584,2607861,10701,2740,3622,752,432,470,"华语音乐,MV,安利向,摇滚,音乐,HOPICO,滚石唱片,张震岳,上B站听电台",0.5945,0.1246,0.0251,0.0553,0.0052,0.3206,0.239,0.3534,0.0002,0.1506,10.11,2026-07-24 17:30:00,0.2577
21,116956204240916,【陶笛】The other side of paradise.抱歉哪位小盆友点的，找不到截图了。。。哈哈哈哈哈,1980727,音乐之声生不息,52143989,26213,339086,30120,36540,3396,879,2784,"陶笛,演奏,The other side of paradise.,独奏",0.1966,0.2067,0.0184,75.5628,0.0017,0.0707,0.4411,0.2464,0.6225,0.0472,86.74,2026-07-21 13:01:40,0.2513
22,116974457724461,2026年的外设还是太抽象了,101769,六分超超,652137183,901102,14085,3106,2476,107,232,141,"键盘,鼠标,迈从,迈从全自研驱动MHUB,迈从V9Turbo,迈从K20GT,迈从Ace75",0.3963,0.1969,0.0243,0.1129,0.0011,0.1961,0.417,0.3408,0.0007,0.0276,8.4,2026-07-24 19:12:02,0.2439
23,116956271285989,【第48版】如果“豆包”死掉你会怎样-【AI全民制作人】,1104026,牛斗niudous,88177556,105755,81788,19539,24491,4176,545,2455,"剧情,短片,机器人,艺术,莫奈,AI剧情大片",0.5383,0.1167,0.0222,10.4395,0.0038,0.2853,0.2196,0.3064,0.0858,0.1083,80.19,2026-07-21 19:25:00,0.2354
24,116975430803423,西班牙赢麻，FIFA赚麻，特朗普乐麻，世界杯谁是输家？,164529,小王Albert,1140672573,5308416,12129,2705,3775,190,845,995,"阿根廷,FIFA,世界杯,西班牙,国际足联,特朗普,因凡蒂诺,上B站！与世界干杯",0.5343,0.1243,0.0229,0.031,0.0012,0.2828,0.2383,0.3186,0.0,0.0307,4.9,2026-07-24 22:35:50,0.2253
25,116961874809056,德国最难建的车站在哪？【神奇组织52】,2408038,小约翰可汗,23947287,10817746,153892,59283,36546,5382,19193,10530,"工程,奇闻,德国,历史,知识,人文,政治,人文历史档案馆,世界史,斯图加特",0.6227,0.116,0.0152,0.2226,0.0022,0.3383,0.218,0.194,0.0016,0.0626,40.61,2026-07-23 11:00:00,0.2181
26,116964374612957,100天亏掉40%？理财大赛S2结果公布！,1388073,-LKs-,125526,4408091,77222,34239,13275,15613,9859,5387,"财经,金融,搞笑,PK,基金,股市,挑战,复盘,投资,谁是理财王",0.6153,0.1008,0.0096,0.3149,0.0112,0.3336,0.1806,0.1039,0.0024,0.3289,39.61,2026-07-23 12:00:00,0.2158
27,116969642657850,老己，借下你的干员,472888,糖幽685,2091987147,10303,36728,3362,9567,1689,594,867,"策略游戏,娱乐,抽卡,二次元,终末地,管理双子星,博士与普瑞赛斯cp,塔防,干员,明日方舟创作者应援计划",0.352,0.1081,0.0202,45.8981,0.0036,0.1683,0.1985,0.275,0.378,0.1021,29.68,2026-07-23 22:05:16,0.2115
28,116968048893675,⚡一战成名⚡我把风扇立在了一支笔上,2799149,自律小爽子,3546841593416381,34835,408770,14642,35290,15460,5234,8236,"生活记录,手工,高能,生活,原创,日常,测评,风扇,记录,创作灵感",0.1222,0.1687,0.0126,80.3545,0.0055,0.0239,0.3476,0.1527,0.662,0.1597,36.32,2026-07-23 15:17:32,0.208
29,116967847501312,连续21天十点睡六点起，我真的会变健康吗？,3771461,亿点点不一样,407054668,6407429,154508,44050,52418,31729,7271,8603,"冷知识,4K,科普,知识,健康,睡眠,失眠,医学,健康新知计划",0.6244,0.0708,0.0139,0.5886,0.0084,0.3393,0.1065,0.1735,0.0046,0.2451,34.49,2026-07-23 17:00:00,0.2051
30,116967998493877,穿越回100年前，看看苏联建筑到底有多超前！？,1285998,-欣小萌-,8366990,5856127,115547,15507,29205,4633,1765,1857,"俄罗斯,旅游,重返未来原子之心联动,莫斯科,原子之心,欣小萌,重返未来1999",0.387,0.1274,0.0227,0.2196,0.0036,0.1902,0.246,0.3148,0.0016,0.103,34.5,2026-07-23 17:00:00,0.2015
31,116962847891171,我婚礼上要放这个,5008237,Vinheteiro,262453663,3293560,521581,54644,97307,45907,6561,8973,"全能音乐挑战赛,婚礼,原创,燃向,婚姻,炸裂,尖叫鸡,婚礼进行曲",0.2913,0.1376,0.0194,1.5206,0.0092,0.1302,0.271,0.2622,0.0123,0.2674,58.49,2026-07-22 17:16:29,0.1937
32,116967092523182,12个电饭锅的正确打开方式～,420271,胡仔一人食,17495873,2726480,25480,767,10445,1018,209,252,风味美食图鉴,0.44,0.0884,0.0249,0.1541,0.0024,0.2236,0.15,0.3492,0.0011,0.0681,17.61,2026-07-24 10:00:00,0.1925
33,116918673544420,跟着中国第一个旅游博主徐霞客的足迹去旅行，看看400年后变成了什么样！,3720125,Linksphotograph,3816626,4707710,198660,62228,48482,20321,11162,3803,"黄山,旅行,摄影,航拍,安徽文旅,黄山文旅,OPPO Find X9 Ultra,三清山,徽州,徐霞客",0.5573,0.0872,0.013,0.7902,0.0055,0.2972,0.147,0.1596,0.0063,0.1579,159.61,2026-07-18 12:00:00,0.1891
34,116962696956059,嘎子哥抽象电影诠释何为硬汉の顶点！心脏被打爆都不死？！笑拉哈哈哈哈,288336,文西与阿漆,94281836,4174190,30640,8134,3595,590,2589,1064,"搞笑,电影解说,海洋至尊,嘎子,爆笑解说,谢孟伟,抽象,文西,男士洁面,十级学者影视详解",0.3828,0.1596,0.0125,0.0691,0.002,0.1876,0.3252,0.1505,0.0004,0.057,10.68,2026-07-24 17:05:00,0.1828
35,116972964611820,大家猜猜我是谁,1485930,田一名sir,477676711,2483276,121100,2287,11387,50465,5640,16076,"可爱,小剧场,音乐小剧场",0.1129,0.1053,0.0077,0.5984,0.034,0.0181,0.1916,0.0734,0.0047,1.0,15.45,2026-07-24 12:09:36,0.1694
36,116951892430901,请问哪一处会扣分？,1553704,阿汤哥1989,3546390846245099,55228,152767,7079,21007,14421,2525,7008,"生活记录,狗狗,汪星人,动作,可爱,马犬,狗子",0.1838,0.1225,0.0135,28.1325,0.0093,0.0627,0.234,0.1674,0.2316,0.2708,104.54,2026-07-20 19:04:05,0.1642
37,116974138952610,和养蜈蚣的苗族coser同居是什么样的体验？,154773,林带鱼w,39807720,859408,18705,1287,2801,61,32,155,"生活记录,vlog,cos,淘宝闪购,淘宝闪购夏日拼团季,淘宝闪购联动超自然行动组,苗族,Cosplay",0.2186,0.1485,0.0181,0.1801,0.0004,0.0845,0.2978,0.2408,0.0013,0.0082,8.55,2026-07-24 19:13:00,0.1531
38,116974508118143,陈翔六点半：有人在这里被爱过，有人在这里学会了爱,268637,陈翔六点半,19286458,3656925,20736,5149,2812,816,636,1113,"短片,陈翔六点半,剧情,B站短片创作新浪潮",0.3839,0.1133,0.0105,0.0735,0.003,0.1883,0.2113,0.1184,0.0004,0.0863,8.81,2026-07-24 18:41:12,0.1511
39,116969995044465,乌克兰大变天了,1146426,燕三嘤嘤嘤,430426421,4416230,79275,16889,13840,1110,9000,5357,"趣味,知识,科普,历史,趣闻,人物,俄罗斯,搞笑,美国,乌克兰",0.3876,0.1085,0.0121,0.2596,0.001,0.1907,0.1994,0.1442,0.0019,0.0251,15.77,2026-07-24 11:50:00,0.1481
40,116957982498221,人浪的传播速度是多少？,2346624,无关茉莉星,3690991668168798,28506,52062,5158,13408,1334,845,1013,"科普,螺旋波,可激发介质,人浪,奇怪问题,万物研究所",0.3566,0.0309,0.0057,82.3204,0.0006,0.1712,0.0084,0.0422,0.6782,0.0133,58.52,2026-07-22 17:15:00,0.1396
41,116969558837591,玩剑魔打蒙多能忍住不笑的，你是这个👍,1044761,三桥qzg,358607628,777647,87074,29977,3689,3082,3400,4789,"上单,英雄联盟,剑魔,MOBA,蒙多,2026LPL第三赛段",0.3866,0.1234,0.0035,1.3435,0.0029,0.19,0.2361,0.0071,0.0109,0.0837,29.85,2026-07-23 21:45:30,0.1364
42,116951489710626,🐔好 坤 不 挑 曲⚡,3013345,浪迹天涯的小光,140415743,156979,190308,24647,27984,16088,803,4642,"鬼畜,蔡徐坤,宗主,小黑子,鸡你太美,鬼畜星探企划",0.2766,0.0824,0.0093,19.1958,0.0053,0.1209,0.1353,0.0995,0.158,0.1543,106.54,2026-07-20 17:04:11,0.1273
43,116957160413054,美国看世界杯总决赛，解锁人生新体验！,1014079,蓝战非OvO,10804055,1860493,84021,9660,8773,4840,8761,2940,"纽约,旅行,美国,世界杯,蓝战非,上B站！与世界干杯",0.2194,0.1126,0.0087,0.5451,0.0048,0.085,0.2095,0.0893,0.0043,0.1376,39.77,2026-07-23 12:00:00,0.1142
44,116974323632280,监考小风波,465562,脱缰凯Kk,373388923,6348443,51626,2412,5383,453,2794,2068,"短片,原创,学生作品,校园,搞笑研究所",0.151,0.1381,0.0116,0.0733,0.001,0.042,0.2722,0.136,0.0004,0.0253,9.5,2026-07-24 18:00:03,0.1125
45,116961522551203,🐔回 归 鸡 本 功⚡,2188241,浪迹天涯的小光,140415743,156979,103775,14666,16006,11379,620,3155,"鬼畜,蔡徐坤,宗主,小黑子,第二招,鸡你太美,鬼畜星探企划",0.2956,0.0632,0.0073,13.9397,0.0052,0.1328,0.0879,0.0678,0.1147,0.1502,63.88,2026-07-22 11:37:00,0.1085
46,116974541608126,旭旭宝宝争议事件：掉粉近80万，他错在哪一步？,276449,唯一讲述者,278761367,1929397,12892,1242,2592,638,4231,1874,"游戏,日常,社会,DNF,生活,主播,斗鱼,热点,旭旭宝宝,请回答这个时代",0.2974,0.0826,0.0094,0.1433,0.0023,0.134,0.1357,0.1009,0.001,0.0647,8.76,2026-07-24 18:50:55,0.1076
47,116974793265608,从24℃到46℃，零跑A10被高温打回原形吗？,358845,所长Wy,497525820,1845980,10033,3187,1825,42,209,221,"高温夏测,热极,零跑A10,SUV,新能源车,汽车评测,吐鲁番,阿勒泰,零跑汽车,阿B车友俱乐部",0.4996,0.0431,0.0051,0.1944,0.0001,0.261,0.0385,0.0321,0.0014,0.0,7.02,2026-07-24 20:35:15,0.1075
48,116962411680078,晚上在店里加班处理金枪鱼，顺便切点边角料偷偷做个晚餐吃,382925,张森的下班料理,472229397,1692447,39610,2354,3369,1503,2419,1187,"深夜美食,蓝鳍金枪鱼,风味美食图鉴",0.1445,0.1278,0.0088,0.2263,0.0039,0.038,0.2469,0.0916,0.0017,0.1125,10.44,2026-07-24 17:10:00,0.1048
49,116969592325637,专访菲尔兹奖获得者邓煜：收到获奖邮件时，正在看小说,637929,环球人物新媒体,30042311,29733,16703,604,4229,3965,627,3859,"邓煜,邓煜获2026年菲尔兹奖,菲尔兹奖",0.2893,0.0408,0.0066,21.4553,0.0062,0.1289,0.0328,0.0568,0.1766,0.1802,29.98,2026-07-23 21:46:54,0.1004
50,116957865057680,连唱了十首最吊奥特曼主题曲！！每首都夯爆了,628974,野生小叔,23957550,422485,30322,1208,7342,547,582,1029,"日语翻唱,奥特曼,翻唱,咿呀！！！",0.282,0.0644,0.0117,1.4887,0.0009,0.1243,0.0908,0.1378,0.0121,0.0222,79.5,2026-07-21 20:06:38,0.0972
51,116963971958456,成吉思鸡200卢比买一送一，我只要送的那份,3281353,印度老吃家,1582757648,599329,229561,6607,36355,6252,1655,2867,"街头小吃,印度,印度美食,美食制作,街头美食,舌尖真探事务所,印度老吃家,成吉思鸡,阿穆尔奶油,探店",0.1871,0.0844,0.0111,5.475,0.0019,0.0648,0.1402,0.1282,0.0449,0.0528,53.46,2026-07-22 22:02:13,0.0931
52,116951842160777,【蓝牙耳机推荐2026】 7月大合集！含音质和降噪测试！百元蓝牙耳机/入耳式蓝牙耳机/降噪蓝牙耳机/手机厂/HIFI厂耳机推荐！全价位各大品牌对比！,3567715,知音剑客,67063436,159466,159298,15077,26146,3778,1919,1869,"耳机,入耳式蓝牙耳机,蓝牙耳机推荐2026,耳机推荐2026,耳机推荐,蓝牙耳机,降噪耳机,降噪蓝牙耳机,百元蓝牙耳机,蓝牙耳机推荐",0.2588,0.0573,0.0073,22.3729,0.0011,0.1097,0.0734,0.0681,0.1842,0.0278,104.84,2026-07-20 18:55:25,0.0916
53,116963116652282,今天花2万包5000斤的鱼塘，塘主的举动让人暖心,2614367,李维刚的日常,3493260093819171,4196040,235112,45210,8903,3698,4115,4545,"正能量,李维刚,顺德,鱼塘",0.2302,0.1139,0.0034,0.6231,0.0014,0.0918,0.2128,0.0051,0.0049,0.0383,57.17,2026-07-22 18:26:11,0.0907
54,116968602607303,见蛇不打三分罪？让我们来看看舟山眼镜蛇怎么说,930630,ZGL蛇语者,1409380252,646424,69763,2921,8957,2148,2123,1410,"蛇,剧毒蛇,户外找蛇,ZGL蛇语者,眼镜蛇,毒蛇,王锦蛇,舟山眼镜蛇,蛇类科普,蛇类行为学",0.1703,0.0915,0.0096,1.4397,0.0023,0.0541,0.1577,0.1049,0.0117,0.0647,33.15,2026-07-23 18:20:50,0.087
55,116968199882273,年度大活！！峰哥cos沙僧，良子cos猪八戒！！！,1639489,卡秃噜皮君,433004026,329226,102428,1818,10461,17802,640,2845,"生活记录,高能,生活,峰哥直播,峰哥,峰哥亡命天涯,随手记录我的生活碎片",0.1199,0.0721,0.0064,4.9798,0.0109,0.0225,0.1098,0.0529,0.0408,0.3174,35.58,2026-07-23 15:54:48,0.0817
56,116968250150984,指鸡为牛、移花接木：营销号看图说话有多离谱？,3837816,中国食品报融媒体,439478093,4467285,176039,5231,37198,2848,1549,2781,"科普,鉴定网络热门视频,辟谣,食品安全,香肠",0.241,0.0581,0.0097,0.8591,0.0007,0.0986,0.0753,0.106,0.0069,0.0185,32.41,2026-07-23 19:05:00,0.0771
57,116968854128961,陪莉莉一起吃饭吧～,1277140,小奶酪酪子,118460438,498147,118711,2535,8043,2126,552,1287,"吃播,巴啦啦小魔仙,cos,麻辣拌,炸鸡,严莉莉",0.0891,0.1027,0.0063,2.5638,0.0017,0.0032,0.1851,0.0515,0.0209,0.0457,32.81,2026-07-23 18:41:04,0.0644
58,116967042324360,刚买的李子丢进水里，直接长出了一层透明壳？？,2459933,毕的二阶导,489763089,2401750,101647,6372,16681,1455,1722,1710,"物理,光学,李子,科普,全反射,水果,折射,疏水,透明壳,万物研究所",0.2268,0.0521,0.0068,1.0242,0.0006,0.0897,0.0606,0.0593,0.0082,0.014,40.58,2026-07-23 11:01:29,0.0606
59,116963502197593,老同学婚礼让我穿最贵的来？,1766178,三个大比兜啊,496116540,112755,123165,1576,8776,1214,790,2634,"婚礼,齐天大圣,cos,黑神话悟空,婚礼现场,同学,灵魂COS大赏",0.084,0.0775,0.005,15.6639,0.0007,0.0,0.1232,0.0302,0.1289,0.0169,40.5,2026-07-23 11:00:00,0.0514
60,116964156511429,成吉思鸡套餐！鸡佬的成吉思鸡套餐，吃了有力气,961643,干饭三健客,8680974,2286445,58510,2743,4493,2107,774,1133,"印度美食,街头美食,我在B站做美食,印度老吃家,三剑客,健身餐",0.1237,0.0704,0.0047,0.4206,0.0022,0.0249,0.1056,0.0255,0.0033,0.0613,34.5,2026-07-23 17:00:00,0.0466
61,116968468318425,上课打游戏 期末考段位？电竞专业真有这么爽吗？,811514,落九川,470962000,2735935,16679,1141,2504,1291,852,1109,"落九川,探访,电竞专业,四川电影电视学院,电竞本科,川影",0.2185,0.0275,0.0031,0.2966,0.0016,0.0845,0.0,0.0,0.0022,0.0435,33.61,2026-07-23 18:00:00,0.0341
62,116967159629281,当你穿进老钱班30,3287653,侯绿萝,503058735,2503136,200675,4852,13487,2425,3134,1217,"娱乐,段子,小剧场",0.0914,0.0679,0.0041,1.3134,0.0007,0.0046,0.0996,0.0163,0.0106,0.0183,40.06,2026-07-23 11:32:31,0.0327
