排名,av_id,标题,播放量,UP主,UP主UID,粉丝数,点赞数,投币数,收藏数,分享数,弹幕数,评论数,深度互动比(币+藏/赞),互动密度,收藏率,粉丝转化率,分享率,深度互动得分,互动密度得分,收藏率得分,转化率得分,分享率得分,视频年龄(小时),发布时间,价值综合评分
1,113655907684572,人性潜规则,1074205,一风小说推荐,1189935282,3470,8051,2736,90887,9,1,5,11.6287,0.0947,0.0846,309.5692,0.0,1.0,0.2953,0.6763,0.1358,0.0007,14061.69,2024-12-16 01:37:11,0.5728
2,112972051647137,别傻了！靠技能不可能跨越阶级！,140138,小军师M姐,32265046,164206,25195,964,17522,681,86,440,0.7337,0.3155,0.125,0.8534,0.0049,0.062,1.0,1.0,0.0003,0.4241,16969.26,2024-08-16 22:02:33,0.5141
3,880627997,做自媒体真的很赚钱！,133254,关子雎州,3493258283977540,110151,10987,1132,14169,643,12,115,1.3926,0.1982,0.1063,1.2097,0.0048,0.1187,0.6259,0.8503,0.0005,0.4212,22399.09,2024-01-03 16:12:52,0.4102
4,1605407194,跨越阶级需要吃很多的“苦”,68867,一天一悟-修心圣贤,522705020,126342,8321,342,6622,345,15,100,0.8369,0.2236,0.0962,0.5451,0.005,0.0709,0.7069,0.7688,0.0002,0.4373,18676.58,2024-06-06 20:32:14,0.399
5,622106237,【自制sub】☆30min后收到一笔转账☆招金体质+短时暴富+阶级跨越+享受一切好的资源☆,77509,虾尾灵灵酥饼,479665709,56007,13311,3481,4700,101,625,535,0.6146,0.2922,0.0606,1.3839,0.0013,0.0517,0.9259,0.4844,0.0006,0.1137,22936.53,2023-12-12 08:35:22,0.3579
6,522788095,【导演戎震】穷人家的孩子还想跨越阶级？读这几本书就对了,69795,戎哥的腿毛,3493115308542759,10072,7666,611,5839,293,22,147,0.8414,0.2047,0.0837,6.9296,0.0042,0.0712,0.6464,0.6687,0.003,0.3664,30916.45,2023-01-13 20:39:50,0.3572
7,113853861986726,真实操方法！普通人能财富自由吗？十年经验&万字详解！,405012,行长王德发,1053088039,651345,19756,11664,23289,4245,733,1107,1.7692,0.1396,0.0575,0.6218,0.0105,0.1511,0.4388,0.4593,0.0002,0.9148,13231.56,2025-01-19 15:45:06,0.346
8,113832856980576,实战篇！怎么白手起家，从1万到100万再到1000万,355195,行长王德发,1053088039,651345,18166,10343,24746,2150,709,1320,1.9316,0.1556,0.0697,0.5453,0.0061,0.1651,0.49,0.5567,0.0002,0.5283,13320.58,2025-01-15 22:43:45,0.3445
9,113883792547644,你是通过什么，实现阶级跨越，这波高维传讯实用极了！！！！,81549,甜訫数易疗愈3111,3537111204498298,36904,7224,4900,3795,275,1811,531,1.2036,0.2239,0.0465,2.2098,0.0034,0.1024,0.7079,0.3715,0.0009,0.2943,13106.6,2025-01-24 22:31:16,0.3166
10,115790925864605,【sub】ug 3500+ 极度奢华丨财富自由丨轻松跨越阶级,85096,_BoN1iL,3546605877725569,74579,4063,2847,6061,43,136,220,2.1925,0.1566,0.0712,1.141,0.0005,0.1876,0.493,0.5692,0.0005,0.0441,5023.14,2025-12-27 17:58:46,0.3072
11,517426923,【十年老社畜】2句话聊透 打工人逆袭的本质,86147,伟哥吃吃喝喝,519357512,198958,9570,1408,2780,987,96,232,0.4376,0.1635,0.0323,0.433,0.0115,0.0365,0.5151,0.2573,0.0002,1.0,32521.37,2022-11-07 23:44:25,0.293
12,115932626227011,dj脸权威到闺蜜怀疑你整容 金主团富婆团通通齐上阵  实现阶级的跨越,162649,蛋soIo粥,3546682000148835,77300,8998,9206,9316,81,10,228,2.0585,0.1707,0.0573,2.1041,0.0005,0.176,0.5379,0.4575,0.0009,0.0435,4417.72,2026-01-21 21:35:00,0.292
13,968472408,放弃年薪40万去北大读博 | 选择和努力谁更重要？ | 从农村到北大 我的价值观变化 | 穷人家小孩如何跨越阶级障碍,264026,糖果果的未来要发光,20826656,1045704,17732,10976,7546,2810,2049,860,1.0446,0.1483,0.0286,0.2525,0.0106,0.0887,0.4666,0.2277,0.0001,0.9289,53694.17,2020-06-08 17:08:15,0.2862
14,114467169896168,穷苦人如何实现阶级跨越？四点建议（保证干货，无鸡汤）,382979,行长王德发,1053088039,651345,19358,6338,16504,3740,1664,1396,1.18,0.1182,0.0431,0.588,0.0098,0.1004,0.3704,0.3439,0.0002,0.8524,10631.98,2025-05-07 23:19:10,0.2818
15,409187894,抱住大腿,162123,狄会长,2048557551,40472,26060,729,7841,298,9,118,0.3289,0.2144,0.0484,4.0058,0.0018,0.0271,0.6774,0.3861,0.0017,0.1604,23181.52,2023-12-02 01:47:02,0.2723
16,115954033892800,『鯉魚製造』◎ “金鳞岂是池中物。”| 阶级跨越 | 一鸣惊人 | 钱权名兼得 | 平步青云的前途 | 蒸蒸日上的事业 | 如日中天的人生,132369,鲤鱼_Koi,73376988,107174,5474,5596,6922,81,46,505,2.2868,0.1401,0.0523,1.2351,0.0006,0.1957,0.4403,0.4176,0.0005,0.0534,4329.99,2026-01-25 13:19:21,0.2675
17,112597248509469,快叫上你暑假一起打工的朋友，兄弟们，跨越阶级的时候到了,90620,账号已注销,3546688562138052,45,213,16,1031,5,0,0,4.9155,0.0139,0.0114,2013.7778,0.0001,0.422,0.0376,0.09,0.8839,0.0048,18559.74,2024-06-11 17:22:44,0.264
18,1305202942,【sub紗布】“一筆足以改變你整個人生的財富”*超强财富显化者*superdamnrich*跨越阶级*重新书写整个生命轨迹,66619,Moo夹心1133,394265860,3784,2877,2708,3344,65,101,235,2.1036,0.1391,0.0502,17.6054,0.001,0.1799,0.4371,0.4008,0.0077,0.0852,18984.93,2024-05-25 00:11:40,0.2617
19,116011160311156,『鯉魚製造』◎ “金鳞岂是池中物。”| 阶级跨越 | 一鸣惊人 | 钱权名兼得 | 平步青云的前途 | 蒸蒸日上的事业 | 如日中天的人生,80753,鲤鱼_Koi,73376988,107174,2987,3321,4014,41,37,206,2.4556,0.1308,0.0497,0.7535,0.0005,0.2102,0.4108,0.3969,0.0003,0.0443,4089.68,2026-02-04 15:25:57,0.2601
20,114822813388697,我用3000块的成本和4个月的时间完成了一次“阶级跨越” | Vlog48,595583,瑞瑞狸,13334303,118174,19164,7717,26881,3556,810,1644,1.8054,0.0944,0.0451,5.0399,0.006,0.1542,0.2945,0.3603,0.0022,0.5211,9124.65,2025-07-09 18:39:40,0.252
21,115724420908971,有野心无出路？直接照抄这条跨越阶级的贵人路！,406069,行长王德发,1053088039,651345,19399,6603,16729,2603,1265,1388,1.2027,0.1118,0.0412,0.6234,0.0064,0.1024,0.3499,0.3288,0.0002,0.5595,5303.19,2025-12-16 00:06:55,0.245
22,115299470806211,【财富sub】跨越阶级·出国·千金（反馈超多）,390124,余温WEN_OvO,698543330,9464,10413,8877,17203,209,297,1431,2.5046,0.098,0.0441,41.2219,0.0005,0.2144,0.3059,0.352,0.0181,0.0468,7104.38,2025-10-01 22:55:11,0.2284
23,116271358281298,普通人想跨越阶级，只此一条最快最靠谱的捷径！,194007,行长王德发,1053088039,651345,8120,3649,7273,907,1163,864,1.3451,0.1086,0.0375,0.2979,0.0047,0.1146,0.3398,0.2991,0.0001,0.408,2984.99,2026-03-22 14:18:40,0.2257
24,114520454333858,【大冰语录】大冰谈如何通过自己的努力去实现阶级的跨越,94657,大冰心灵驿站,3546696751516123,34212,3516,441,3876,604,77,273,1.2278,0.0864,0.0409,2.7668,0.0064,0.1045,0.2691,0.3268,0.0012,0.5569,10408.1,2025-05-17 09:00:50,0.225
25,983074527,这年头，不拼爹的普通年轻人还能逆袭吗？揭秘6条穷人跨越阶级的可行之路【毯叔盘钱】,151839,毯叔盘钱,628122353,538340,5514,2128,5027,1002,728,429,1.2976,0.0911,0.0331,0.2821,0.0066,0.1105,0.2838,0.264,0.0001,0.576,35595.05,2022-07-02 20:15:00,0.22
26,423660896,【学不下去的请点开】教育是穷人跨越阶级的渠道,89306,智慧少女派,11087556,201128,4335,1350,3229,472,257,416,1.0563,0.1074,0.0362,0.444,0.0053,0.0897,0.3358,0.2884,0.0002,0.4613,39053.9,2022-02-08 19:13:02,0.2192
27,1753847780,一招教你完成阶级跨越！,200850,海以南的一条鱼,603481844,112885,32423,1159,1778,1364,320,386,0.0906,0.1796,0.0089,1.7792,0.0068,0.0066,0.5663,0.0698,0.0007,0.5927,19567.56,2024-04-30 15:45:00,0.2172
28,281392060,高干文可不是只有跨越阶级才好看｜魏大勋宋轶｜强强联合孟父孟母才是永远的神,123119,幕雨动画,477071939,74,10984,522,2335,214,56,131,0.2601,0.1139,0.019,1663.7703,0.0017,0.0212,0.3569,0.1507,0.7303,0.1517,23283.68,2023-11-27 19:37:51,0.215
29,114557951543964,野心勃勃但迷茫的破局方法：识贵人，做心腹｜这才是普通人跨越阶层的核心秘宝！,175203,行长王德发,1053088039,651345,7084,3664,4944,1072,774,612,1.2151,0.0975,0.0282,0.269,0.0061,0.1034,0.3043,0.2248,0.0001,0.534,10247.33,2025-05-23 23:58:59,0.2107
30,115014375579464,一个跨越阶级但没有背叛阶级的人,921542,陈三浮,401143379,1617,153429,2740,10509,1608,162,4756,0.0864,0.1862,0.0114,569.9085,0.0017,0.0062,0.5875,0.0902,0.2501,0.1523,8312.81,2025-08-12 14:30:01,0.2073
31,954225579,恭喜我哥实现了阶级跨越！,320640,阿呆笑哈哈,1195238362,176,15773,87,954,2822,323,1201,0.066,0.0572,0.003,1821.8182,0.0088,0.0045,0.1757,0.0227,0.7996,0.7682,27643.87,2023-05-30 03:26:13,0.2068
32,116100482209703,你只剩下五年时间变富！跨越阶级的最后机会！,65890,LEOTUBE,317546591,92613,1242,366,2001,361,140,337,1.9058,0.062,0.0304,0.7115,0.0055,0.1629,0.1911,0.2421,0.0003,0.4782,3711.07,2026-02-20 10:02:27,0.2011
33,817981736,信息差，自卑心理，精神物质双重贫穷，致使他们难以实现阶级的跨越,197779,泛光子,399236559,2809,5997,1943,4528,1638,499,1552,1.079,0.0734,0.0229,70.409,0.0083,0.0917,0.2275,0.1822,0.0309,0.7229,32146.06,2022-11-23 13:14:06,0.2008
34,114637123224973,《普通人如何跳出底层？3个扎心的社会真相》,476210,行长王德发,1053088039,651345,14837,6509,11884,3551,1398,1119,1.2397,0.0751,0.025,0.7311,0.0075,0.1055,0.2328,0.1987,0.0003,0.6508,9911.76,2025-06-06 23:33:02,0.2
35,115875801733200,普通人跨越阶级有多难（2）。。,105692,王二狗也,366098592,530517,15568,3555,1145,182,235,623,0.3019,0.1999,0.0108,0.1992,0.0017,0.0248,0.6312,0.0856,0.0,0.1503,4663.34,2026-01-11 17:46:33,0.1986
36,876279245,打工的目的是早点赚钱赎身不干了，而不是让你当青楼头牌,119655,关子雎州,3493258283977540,110151,13649,395,3477,273,41,224,0.2837,0.1486,0.0291,1.0863,0.0023,0.0232,0.4676,0.2316,0.0004,0.1991,23357.02,2023-11-24 18:17:02,0.1913
37,1352582615,学美术将成为跨越阶级最快的方式#美术生#美术联考#美术生的日常#贵州美术生#艺考,389698,贵阳美术艺考刘老师,349008994,13409,58839,171,2472,2326,290,927,0.0449,0.1609,0.0063,29.0624,0.006,0.0027,0.5067,0.0497,0.0127,0.521,20174.61,2024-04-05 08:42:14,0.1909
38,114430176134483,以“司丹康”男孩“包国维”视角打开《包氏父子》，暴露了普通人无法跨越的阶级层级，草根父母的功利性教育。,1015178,啦啦啦-卖报的小行家,341711024,3201,529,54,2943,12,11,14,5.6654,0.0035,0.0029,317.144,0.0,0.4866,0.0044,0.0221,0.1392,0.001,10788.97,2025-05-01 10:20:46,0.1898
39,650393008,【合集】给穷孩子的一些建议,229773,戎哥的腿毛,3493115308542759,10072,6320,1118,8626,716,95,341,1.5418,0.0718,0.0375,22.813,0.0031,0.1315,0.2224,0.2995,0.01,0.272,30820.56,2023-01-17 18:44:42,0.1897
40,493590778,【自制sub】$Money暴增$☆经济独立+财富自由+每日大笔进账+巨额存款+名下数十套房产+贵人相助+休闲时间自由+繁华奢靡的生活+外贸+阶级跨越☆,74919,虾尾灵灵酥饼,479665709,56007,2167,1535,2490,64,151,123,1.8574,0.0863,0.0332,1.3377,0.0009,0.1587,0.2687,0.265,0.0005,0.0746,23522.8,2023-11-17 22:19:08,0.1832
41,113588714867419,你本来就是打工的，只是恰巧读了几年书。读书不是让你跨越阶级，而是让你认清阶级。,603100,罗老师哲学人生,1640095931,5442780,39883,3017,19518,2195,259,819,0.565,0.1053,0.0324,0.1108,0.0036,0.0475,0.3292,0.258,0.0,0.3177,14355.27,2024-12-03 20:02:31,0.1823
42,1804906966,如何实现阶级跨越？三点建议改变人生！,199785,师说考研考公,652522840,570845,5849,661,6818,797,157,325,1.2787,0.0691,0.0341,0.35,0.004,0.1089,0.2138,0.2721,0.0001,0.3482,19109.51,2024-05-19 17:48:29,0.1808
43,115553176000337,普通人跨越阶级有多难。。,375429,王二狗也,366098592,530517,45761,14497,3927,512,799,1928,0.4026,0.1782,0.0105,0.7077,0.0014,0.0335,0.562,0.0826,0.0003,0.119,6029.06,2025-11-15 18:14:49,0.1807
44,727863274,【问答特辑】国际金融财团间有无内讧？【我的信仰与祖籍？如何跨越阶级？】,108497,线人频道informant,404264929,282795,5962,2588,1106,661,1423,768,0.6196,0.1092,0.0102,0.3837,0.0061,0.0521,0.3417,0.0805,0.0001,0.5317,35787.24,2022-06-24 21:52:48,0.173
45,114319312292165,雷军：光努力=钻牛角尖，而贵人相助才是捷径！,192046,行长王德发,1053088039,651345,7572,2559,4457,950,479,473,0.9266,0.0809,0.0232,0.2948,0.0049,0.0786,0.2515,0.1847,0.0001,0.4318,11258.85,2025-04-11 20:27:52,0.1705
46,920014385,老周：普通人别总想一步登天的“破圈”,531124,凉子访谈录,496688267,2465393,17947,4509,8700,4036,2064,1492,0.736,0.0654,0.0164,0.2154,0.0076,0.0622,0.2018,0.13,0.0001,0.6633,24101.31,2023-10-24 18:00:00,0.1646
47,664593384,留学瑞典实现阶级跨越…homeless都没我会捡,300735,榛子巧克力针织_Scarlett,321928604,132,18365,54,692,213,13,294,0.0406,0.0646,0.0023,2278.2955,0.0007,0.0023,0.1993,0.0173,1.0,0.0618,22944.61,2023-12-11 22:41:10,0.1603
48,114585080234249,成天想着跨越阶级，不如看看日本经历过的中产崩溃陷阱,239821,财才说,300223719,329764,4978,688,6153,910,244,409,1.3742,0.052,0.0257,0.7273,0.0038,0.1171,0.1592,0.2043,0.0003,0.3312,10132.36,2025-05-28 18:57:13,0.1548
49,1805477047,吃苦成不了人上人，吃人可以！,312159,罐头哥2026,288008804,276032,19421,2612,4787,1401,715,1185,0.381,0.092,0.0153,1.1309,0.0045,0.0316,0.2869,0.1217,0.0005,0.3917,18700.8,2024-06-05 18:30:00,0.1463
50,116300818943196,依旧是21岁学历一般长得还行的女大，妄图直接跨越阶级实现一夜暴富，在车库找到库里南留的电话直接致电这一块,1127589,香蕉大亨大G,198476348,29202,42732,342,12918,9654,367,4050,0.3103,0.0536,0.0115,38.6134,0.0086,0.0255,0.1642,0.0906,0.0169,0.7473,2857.0,2026-03-27 22:18:00,0.1445
51,479272562,跨越阶级的爱情告诉你爱情从来无法跨越阶级   北大教授-戴锦华,449440,必应分享,3461573083400592,31182,10502,988,10991,1444,886,1076,1.1406,0.0544,0.0245,14.4134,0.0032,0.097,0.1668,0.1947,0.0063,0.2804,30169.58,2023-02-13 21:44:09,0.1433
52,113690066027028,普通人的梦想：跨越阶级,72313,大远嗷嗷,191802643,254189,9483,191,825,33,28,227,0.1071,0.1487,0.0114,0.2845,0.0005,0.008,0.4678,0.0902,0.0001,0.0398,13927.71,2024-12-21 17:24:47,0.1418
53,326440122,出国留学怎么不算跨越阶级呢,88761,林林牙疼,5879422,44101,3185,367,2130,265,82,331,0.784,0.0687,0.024,2.0127,0.003,0.0663,0.2124,0.191,0.0008,0.2606,22041.84,2024-01-18 15:16:42,0.1406
54,320965273,不能和李佳琦共情的原因，一旦跨越阶级便无法共情老百姓,94411,娱圈班主任,331897263,40574,235,11,904,4,1,0,3.8936,0.0122,0.0096,2.3269,0.0,0.334,0.0321,0.0756,0.001,0.0037,25088.5,2023-09-13 16:37:14,0.1405
55,873182186,印度贫民窟老师的励志故事，跨越阶级制定的规则，真实事件改编！,222850,娜娜酱er,219973548,59960,129,17,513,0,2,2,4.1085,0.003,0.0023,3.7166,0.0,0.3525,0.0027,0.0173,0.0016,0.0,25228.59,2023-09-07 18:43:13,0.1277
56,113526471394725,22岁赚到800万，24岁“锒铛入狱”，初代网红脸的过山车人生！,683835,陈暴撕,1813368929,41002,7254,1730,12362,868,656,479,1.9427,0.0329,0.0181,16.6781,0.0013,0.1661,0.0981,0.1436,0.0073,0.1108,14619.35,2024-11-22 19:57:43,0.1232
57,115059539903994,下一个“收割机”曝光：房子之后，这东西将榨干你下半辈子❗,379557,天涯神贴-末代涯客,3546936724425119,81389,3976,731,5509,1437,112,10,1.5694,0.0272,0.0145,4.6635,0.0038,0.1339,0.0801,0.1151,0.002,0.3304,8121.19,2025-08-20 14:06:38,0.1232
58,1454330957,如何跨越阶级,96674,小童798-,504287920,5001,7216,87,1831,84,30,295,0.2658,0.0978,0.0189,19.3309,0.0009,0.0217,0.3055,0.1505,0.0084,0.0758,19334.63,2024-05-10 10:29:18,0.1225
59,701132322,假如孟宴臣和叶子拿了古早言情剧本救赎文学，叶宴能不能相爱，这份爱能不能跨越阶级,89241,芒果不许不甜,252352468,500,3337,756,1676,98,82,311,0.7288,0.069,0.0188,178.482,0.0011,0.0616,0.2136,0.1493,0.0783,0.0958,26362.75,2023-07-22 14:22:08,0.1222
60,531127306,负债累累的普通人如何翻身跨越阶级，屌丝翻身宝典之不看你吃亏系列,250982,隐隐s,424740844,361312,13933,3934,3271,430,887,959,0.5171,0.0916,0.013,0.6946,0.0017,0.0433,0.2855,0.1032,0.0003,0.1495,26356.3,2023-07-22 19:00:08,0.1222
61,1156102507,"""一张钞票实现阶级大跨越""",192593,MAGIC熙兒,301989181,1316,22923,57,1419,41,33,165,0.0644,0.1277,0.0074,146.3473,0.0002,0.0043,0.4008,0.0579,0.0642,0.0186,17886.98,2024-07-09 16:19:57,0.1216
62,535307421,为什么说搞懂你的基因，是跨越阶级的最后一张门票？【基因彩票】,179292,数据库kira,15324420,1268401,3693,532,3099,595,326,347,0.9832,0.0446,0.0173,0.1414,0.0033,0.0835,0.1356,0.1373,0.0,0.2897,23930.38,2023-10-31 20:55:15,0.1195
63,114556072431147,戴锦华：跨越阶级的爱情告诉你，爱情从来无法跨越阶级,117072,B站文客锵锵集,1693814307,255243,2054,178,2310,250,141,399,1.2113,0.0434,0.0197,0.4587,0.0021,0.1031,0.1318,0.1569,0.0002,0.1864,10257.11,2025-05-23 16:00:39,0.1191
64,114554260426424,初中毕业想靠音乐跨越阶级，痴人说梦！先学学基本的礼貌吧，别当2b！大冰教你怎么靠音乐吃上饭,138428,大冰妙谈,2121433439,44760,4072,278,1792,538,1545,834,0.5083,0.0616,0.0129,3.0927,0.0039,0.0426,0.1897,0.1025,0.0013,0.3392,10253.38,2025-05-23 17:55:48,0.1169
65,113918907256549,“一通跨越阶级的电话”感受一下nfl选秀大会球员被选中后的反应,976569,美式变向,662685801,1457,97389,463,2864,100,42,912,0.0342,0.1041,0.0029,670.2601,0.0001,0.0017,0.3255,0.0224,0.2942,0.0089,12955.97,2025-01-31 03:20:29,0.1168
66,113695099257619,闺蜜靠着蛐蛐别人实现了阶级跨越，离开了家乡,427990,冯牡丹无Emoji版,1612958134,988317,41371,6561,2040,443,140,295,0.2079,0.1178,0.0048,0.433,0.001,0.0167,0.3691,0.0371,0.0002,0.0903,13904.63,2024-12-22 14:40:33,0.1146
67,443855904,靠老公实现阶级跨越后，面对上层社会，我很无力,72059,深夜故事树,688440839,261,687,29,708,311,20,263,1.0728,0.0237,0.0098,276.0881,0.0043,0.0912,0.0688,0.0776,0.1211,0.3767,27922.73,2023-05-18 14:23:44,0.1144
68,113417151058188,"60万买下北京五环3套房产，穷女孩直接逆袭带全家跨越阶级 """,65877,爱吃花生粒,3461580456987096,35686,30,4,106,0,0,0,3.6667,0.0021,0.0016,1.846,0.0,0.3145,0.0,0.0118,0.0008,0.0,15084.53,2024-11-03 12:35:06,0.1125
69,528450686,自大源于自卑，歧视源于无知；一段跨越种族、阶级的友谊故事！,244106,lemon9779,3493264189557276,15390,22945,510,2560,109,190,1053,0.1338,0.1117,0.0105,15.8613,0.0004,0.0103,0.3496,0.0829,0.0069,0.039,28132.57,2023-05-09 18:44:00,0.1122
70,719659519,跨越阶级的爱情,73119,舒同姐姐,511021768,29297,1790,143,1434,115,93,211,0.881,0.0502,0.0196,2.4958,0.0016,0.0747,0.1535,0.1559,0.0011,0.1373,40613.67,2021-12-05 19:26:51,0.1095
71,113604804221900,“也许婚姻能跨越阶级，但比起钱，我更在乎灵魂的自由”,125354,二狗APP单身青年图鉴,524930260,523769,2834,685,1514,468,356,340,0.7759,0.0457,0.0121,0.2393,0.0037,0.0656,0.1391,0.0956,0.0001,0.3259,14284.55,2024-12-06 18:45:00,0.1094
72,1553948488,艾跃进：富不过三代    跨越阶级要积累的是文化,102601,叶凌尘-生财有道,2070303054,343499,8145,200,1190,144,103,69,0.1707,0.0946,0.0116,0.2987,0.0014,0.0135,0.2952,0.0918,0.0001,0.1225,19585.52,2024-04-29 23:35:38,0.1091
73,113090465107724,跨越种族和阶级的友情，无数次戳中泪点的电影，美版《触不可及》,1842866,椰球讲电影,36250384,15953,4545,656,12492,20,72,35,2.8928,0.0097,0.0068,115.5185,0.0,0.2479,0.024,0.0532,0.0507,0.0009,16467.41,2024-09-06 19:53:44,0.1086
74,830949708,我们不能和李佳琦共情的原因，一旦跨越了阶级就无法共情老百姓了,108086,娱圈迷妹妹,1258342583,44452,147,14,460,3,0,4,3.2245,0.0058,0.0043,2.4315,0.0,0.2764,0.0117,0.033,0.001,0.0024,25111.98,2023-09-12 17:08:14,0.1066
75,113201178025729,34岁不婚无娃英国留学之“阶级跨越”！！！,1272915,衣老板呀,1046038772,154440,122856,1999,7901,1597,893,1327,0.0806,0.106,0.0062,8.2421,0.0013,0.0057,0.3316,0.0486,0.0036,0.1095,15998.13,2024-09-26 09:10:18,0.1059
76,942989826,牧羊人救了小蛇后意外学会了动物的语言，从此就实现了阶级跨越,82898,南乔巧,471962911,43866,5819,63,1412,9,49,50,0.2535,0.0892,0.017,1.8898,0.0001,0.0206,0.2778,0.1353,0.0008,0.0095,33897.95,2022-09-11 15:10:12,0.1048
77,789446970,努力就能跨越阶级吗？成人版变形记《城市梦想》，看完之后沉默了,112584,人间放映厅,525382468,1318718,5282,549,1086,357,348,444,0.3095,0.0685,0.0096,0.0854,0.0032,0.0255,0.2118,0.0761,0.0,0.2768,24509.35,2023-10-07 19:46:00,0.1048
78,789868285,开荒捡起的这颗蛋可能让我跨越阶级 方舟欧米伽第二季01,136518,爱摸鱼的小乌,19623243,56782,1925,397,2501,14,195,57,1.5055,0.0372,0.0183,2.4042,0.0001,0.1284,0.1119,0.1456,0.001,0.009,24245.39,2023-10-18 17:54:43,0.103
79,1550238317,真没必要为了三五年后的前途担忧，大家都乐观点,141006,关子雎州,3493258283977540,110151,9981,228,2030,75,13,185,0.2262,0.0882,0.0144,1.2801,0.0005,0.0183,0.2747,0.1142,0.0005,0.0464,21751.53,2024-01-30 15:46:30,0.1026
80,975511449,高考如果不能实现阶级跨越，我们寒窗苦读十二载，究竟是为了什么？,170205,巨浪教育研究院,1900113869,51440,3965,368,2221,575,117,632,0.653,0.0429,0.013,3.3088,0.0034,0.055,0.1302,0.1034,0.0014,0.2949,42533.5,2021-09-16 17:48:12,0.1021
81,318388744,人一旦跨越阶级，再也无法共情老百姓了,504092,娱圈小奶茶,1808974858,71234,18447,905,7969,828,665,1802,0.4811,0.0591,0.0158,7.0766,0.0016,0.0402,0.1818,0.1255,0.0031,0.1434,25109.94,2023-09-12 17:21:38,0.0993
82,794125229,留学真的能跨越阶级,457165,野生糯米崽-留学版,3546613997897931,52239,22779,413,4613,1491,10,427,0.2206,0.0618,0.0101,8.7514,0.0033,0.0178,0.1904,0.0797,0.0038,0.2847,21924.31,2024-01-23 11:00:00,0.0986
83,1001843374,艾跃进：富不过三代 跨越阶级要积累的是文化,439135,网易科技频道,519959352,94096,33389,502,3838,675,58,389,0.13,0.0869,0.0087,4.6669,0.0015,0.01,0.2707,0.0689,0.002,0.1342,20631.3,2024-03-17 08:00:00,0.0986
84,113456443293807,阶级跨越，真的很难吗？,105006,账号已注销,3546378345121987,1524,9194,212,611,33,32,387,0.0895,0.0994,0.0058,68.9016,0.0003,0.0065,0.3104,0.0455,0.0302,0.0274,14917.97,2024-11-10 11:08:41,0.0947
85,1302151412,【三分君】为了跨越阶级，她把儿子送上了龙床。,1061261,橘小优的电影片单,3494377097791666,20922,6668,899,12090,142,52,62,1.948,0.0186,0.0114,50.7246,0.0001,0.1665,0.0527,0.0901,0.0222,0.0117,20498.24,2024-03-22 21:03:17,0.0929
86,115036185955668,bro以为抢个id就能跨越阶级,102441,我我我哈你,1371012602,60,1561,10,68,22,1,186,0.05,0.0178,0.0007,1707.35,0.0002,0.0031,0.0501,0.0042,0.7494,0.0187,8222.16,2025-08-16 10:57:18,0.0913
87,621537362,笨鸟先飞,817032,狄会长,2048557551,40472,58415,515,7016,804,282,1597,0.1289,0.083,0.0086,20.1876,0.001,0.0099,0.2582,0.0677,0.0088,0.0859,23212.85,2023-11-30 18:27:13,0.091
88,114889234387969,依然是今年看到的最美的爱情片，冰天雪地中的俄罗斯美如童话世界，跨越阶级和世俗偏见的爱情，和女性自由选择人生意识的觉醒《银色溜冰鞋》,88369,旋风影视-,3546755192850886,18405,1331,175,1345,69,122,50,1.142,0.0342,0.0152,4.8014,0.0008,0.0971,0.1024,0.1208,0.0021,0.0682,8845.05,2025-07-21 12:03:47,0.0908
89,116226596539156,⚡我劝北上广的男人别再幻想女友洗衣做饭：上海女人的野心，厨房根本装不下 | 上海人 | 阶级跨越 | 独立女性 |,163047,在下刀哥,10835521,668100,1683,94,947,639,1940,1526,0.6185,0.038,0.0058,0.244,0.0039,0.0521,0.1144,0.0454,0.0001,0.3421,3174.71,2026-03-14 16:35:10,0.0901
90,116440489265742,【[虾仁动画]《穿越荒年：我的系统能买万物》带领底层家庭跨越阶级！,73670,李苟蛋动画,3706927580187448,6715,508,107,814,30,0,0,1.813,0.0194,0.011,10.971,0.0004,0.1549,0.0551,0.0874,0.0048,0.0355,2170.07,2026-04-25 15:03:00,0.0895
91,113637553348508,猫猫这一跳实现了阶级跨越,481000,略略略_____________,234146650,12237,31473,467,3001,902,278,733,0.1102,0.0747,0.0062,39.307,0.0019,0.0083,0.2318,0.0489,0.0172,0.1637,14148.5,2024-12-12 10:48:13,0.0887
92,116068135739205,哥伦比亚“乳房崇拜”:女人将大胸视为跨越阶级的唯一通行证！,166492,黄老师来啦ya,533847886,40695,2555,112,1791,481,133,149,0.7448,0.0285,0.0108,4.0912,0.0029,0.0629,0.0841,0.085,0.0018,0.2522,3843.81,2026-02-14 19:30:00,0.0854
93,297346514,论普通人阶级跨越可能性？,1055374,大咖讲思维,1127527043,392858,17881,1447,11752,2581,586,2429,0.7382,0.0323,0.0111,2.6864,0.0024,0.0624,0.0963,0.0881,0.0011,0.2135,38195.03,2022-03-16 12:17:20,0.085
94,652138340,“这tm才是阶级分化的主要原因！”,91013,账号已注销,649998475,47544,2264,131,1193,153,30,180,0.5848,0.0417,0.0131,1.9143,0.0017,0.0492,0.1264,0.1038,0.0008,0.1467,30034.63,2023-02-19 14:29:01,0.0843
95,1250363931,从24岁的0资产到35岁，两亿美元资产，康纳麦格雷戈实现了阶级的跨越！康纳也诠释了贤妻扶我青云志我还贤妻万两金，拿到奖金的第一件事就是给妻子买了辆路虎。,108238,Aigio艾吉奥,491595057,22381,5982,222,1142,69,19,171,0.228,0.0696,0.0106,4.8362,0.0006,0.0184,0.2154,0.0834,0.0021,0.0556,21541.27,2024-02-08 11:50:46,0.0828
96,113141417509563,都是顶级律所年入千万的合伙人，出身小县城的刘律跨越阶级有多难,91200,夏九九来了X,3546587695417425,833,6618,32,592,26,35,57,0.0943,0.0804,0.0065,109.4838,0.0003,0.0069,0.2499,0.0509,0.048,0.0249,16253.22,2024-09-15 19:53:48,0.0824
97,1905825420,“读博士应该是最简单跨越阶级的办法了吧”,87511,电子榨菜总站,693513744,32774,2076,1771,311,54,16,427,1.0029,0.0526,0.0036,2.6701,0.0006,0.0851,0.161,0.0274,0.0011,0.0539,18196.06,2024-06-26 21:03:17,0.081
98,115280462225214,女孩从舞女一步成为跨越阶级的富少太太,246364,露璐剪影,3546748758788676,58861,2876,67,3581,1,2,5,1.2684,0.0265,0.0145,4.1855,0.0,0.108,0.0778,0.1153,0.0018,0.0004,7184.98,2025-09-28 14:19:41,0.0805
99,115444677608966,清华计算机进腾讯工作的这几年，虽然看清了大厂把人当耗材的本质，但赚到的钱直接让我实现了阶级跨越...也算是对我辛苦通过三轮面试的奖励吧,116983,言言小月亮,3546944790071500,440,1039,76,860,215,17,165,0.9009,0.0184,0.0074,265.8705,0.0018,0.0764,0.0521,0.0578,0.1167,0.1604,6490.78,2025-10-27 14:20:10,0.079
100,116350949268135,[虾仁动画]《穿越荒年：我的系统能买万物》开局全家饿肚子，系統激活后我成了移动超市！不過是我发家致富的背景板！带领底层家庭跨越阶级！,73061,虾仁猪心动漫社,3690998263711754,9342,421,75,648,16,34,7,1.7173,0.0162,0.0089,7.8207,0.0002,0.1467,0.045,0.0699,0.0034,0.0191,2632.29,2026-04-06 08:49:48,0.0788
101,116595141713778,“末世确实对普通人来说是一个阶级跨越的好机会”《辐射》 世末日200年后，一位来自舒适的辐射避难所的和平居民被迫返回地面，并震惊地发现等待着她的！,503636,小文最爱看电影,3546976853429085,18430,5409,550,6489,0,0,0,1.3013,0.0247,0.0129,27.327,0.0,0.1108,0.0721,0.1021,0.012,0.0,1612.64,2026-05-18 18:40:04,0.0784
102,115422951113793,祝英台每上一排 都是梁山伯无法跨越的阶级,179794,二少爷影视,1139122126,84726,10391,65,1647,70,28,467,0.1648,0.0701,0.0092,2.1221,0.0004,0.013,0.2168,0.0722,0.0009,0.034,6581.03,2025-10-23 18:16:00,0.0767
103,232189143,印度人永远看不到的高分纪录片，揭开一个极度割裂的印度社会现状，想跨越阶级 只能再次投胎,594413,秋田早上好,587182990,488965,19852,4275,3944,571,5255,1816,0.414,0.0591,0.0066,1.2157,0.001,0.0344,0.1819,0.052,0.0005,0.0838,25802.97,2023-08-14 20:20:00,0.0764
104,481694063,峰哥臭骂网友：痴人说梦！普通人不可能实现阶级跨越！难如中彩票一样！,92063,小阿峰世间万物,171766569,102726,2526,138,629,290,77,160,0.3036,0.0383,0.0068,0.8962,0.0032,0.0249,0.1156,0.0536,0.0004,0.2749,30225.39,2023-02-11 15:43:24,0.0759
105,866241623,比伯大粉揭露海狸怎么完成阶级跨越,71755,赚够钱就回家放猪,22751248,389,1041,94,351,255,11,151,0.4275,0.023,0.0049,184.4602,0.0036,0.0356,0.0665,0.0381,0.0809,0.3102,29401.47,2023-03-17 23:38:44,0.0758
106,810960145,跟着中国大哥混总没错，我的非洲小弟得到一个新耳机，希望他继续踏实肯干，以后阶级跨越只是起步,747504,非洲飞哥,393116415,721710,38630,10563,959,287,4718,1486,0.2983,0.0754,0.0013,1.0357,0.0004,0.0245,0.2338,0.0092,0.0004,0.0335,37307.31,2022-04-22 12:00:28,0.0723
107,832672446,原来澳洲留学真的可以跨越阶级，出国前：抓紧学习，出国后：努力搬砖,98391,风铃仙子兮,2121031211,14607,5362,32,342,201,1,131,0.0698,0.0596,0.0035,6.7359,0.002,0.0048,0.1836,0.0267,0.0029,0.1783,24032.75,2023-10-27 16:22:16,0.071
108,1800071936,二本小哥 VS 985学姐：大学真的能改命吗？学历真的能跨越阶级吗？ 公子的100个名校朋友002 | 中山大学Sasa（完整版）,289536,网红公子,222091550,3118,10718,214,2945,166,35,252,0.2947,0.0489,0.0102,92.8595,0.0006,0.0242,0.1493,0.0803,0.0407,0.05,21671.61,2024-02-02 23:41:49,0.0709
109,898224566,“我赌上一生，只为跨越那个名为阶级的鸿沟”【安娜｜裴秀智】,90789,钦钦爱混剪,2064881149,945,1381,136,925,56,108,16,0.7683,0.0283,0.0102,96.073,0.0006,0.065,0.0834,0.0805,0.0421,0.0538,35456.12,2022-07-08 17:00:00,0.0693
110,366419122,“日本干1天等于中国10个月”，中国底层赴日打黑工，15年阶级跨越！成为数百万日本人偶像,1612965,观察者Q先生,517507881,411779,41089,3407,9812,3578,3495,6300,0.3217,0.0397,0.0061,3.9171,0.0022,0.0265,0.1201,0.0476,0.0017,0.1936,23309.06,2023-11-26 18:15:05,0.0683
111,114653749380820,东北农村小伙，为了跨越阶级，靠照骗变成网络高街男神,564879,张哥人在江湖,205517805,222158,4243,616,2882,1488,1777,590,0.8244,0.0179,0.0051,2.5427,0.0026,0.0698,0.0503,0.0397,0.0011,0.2299,9822.3,2025-06-10 17:00:00,0.0681
112,114529715361560,跨越阶级成为上流社会,483718,尹宁起,699363256,621627,6743,408,5812,73,208,128,0.9224,0.0275,0.012,0.7781,0.0002,0.0782,0.081,0.0951,0.0003,0.0132,10355.31,2025-05-19 12:00:00,0.068
113,748975183,跨越阶级的爱情，竟然让他们生下一个神童，这样的片子太暖心了,959346,长片短解,604710494,2729260,39873,2077,8102,635,1282,475,0.2553,0.054,0.0084,0.3515,0.0007,0.0208,0.1656,0.0665,0.0001,0.0578,23285.31,2023-11-27 18:00:00,0.0678
114,1254070858,外地人一定要考江浙沪大学，能润到江浙沪，就实现阶级跨越,205983,B站名人说,3493108062882243,9032,2046,81,1661,307,96,416,0.8514,0.0209,0.0081,22.8059,0.0015,0.0721,0.0598,0.0635,0.01,0.1301,19448.13,2024-05-05 15:09:49,0.0669
115,114419807885766,CS2饰品是当代大学生跨越阶级的唯一途径,354139,艾导集团,82384965,27409,6887,231,366,1813,27,631,0.0867,0.023,0.001,12.9205,0.0051,0.0063,0.0666,0.0072,0.0056,0.4468,10832.87,2025-04-29 14:25:42,0.0655
116,114188953322518,中国博主旅行孟加拉，震惊发现KFC被划为富人区，一个举动帮车夫改写命运，实现阶级跨越！,83793,糗糗外网那些事儿,3494381250152804,30771,1779,208,466,152,399,401,0.3789,0.0388,0.0056,2.7231,0.0018,0.0314,0.1171,0.0434,0.0012,0.1583,11813.2,2025-03-19 19:55:15,0.0649
117,114209253759239,猫：这一跳，实现了阶级跨越…,239189,请放开那只猫,1064635979,16662,11299,154,801,392,178,448,0.0845,0.0538,0.0033,14.3554,0.0016,0.0061,0.1651,0.0257,0.0063,0.143,11725.34,2025-03-23 09:57:56,0.0635
118,113656763320121,“人生，易如反掌！”,323517,婷幸福的宇言,321043647,8527,13675,98,2226,244,34,150,0.1699,0.05,0.0069,37.9403,0.0008,0.0134,0.1529,0.054,0.0166,0.0658,14067.13,2024-12-15 20:10:51,0.062
119,115973646457444,祝英台每往前走的一步，都是梁山伯需要跨越的一个阶级,77434,三微之朔,474980480,3964,4330,15,435,10,4,47,0.1039,0.0624,0.0056,19.5343,0.0001,0.0078,0.1923,0.0439,0.0085,0.0113,4248.68,2026-01-29 00:26:15,0.0616
120,827446335,高考！真的是普通人跨越阶级最好的捷径#,77899,宋嘉兒,1183884761,24127,5396,47,194,2,11,32,0.0447,0.0729,0.0025,3.2287,0.0,0.0026,0.2259,0.0188,0.0014,0.0022,27155.12,2023-06-19 14:00:00,0.0615
121,956495177,真实事件改编，法国励志片天花板，一段跨越阶级、种族的友情，它的力量足以温暖一生！,70080,梅狸猫电影解说,1042343253,394,2591,84,436,15,192,43,0.2007,0.0477,0.0062,177.868,0.0002,0.0161,0.1456,0.0487,0.078,0.0187,26248.51,2023-07-27 08:36:13,0.0614
122,113847402765639,祝英台每往前走的一排，都是梁山伯所需要跨越的一个阶级,243106,补云-,477437797,15056,5083,36,2422,157,29,411,0.4836,0.0328,0.01,16.1468,0.0006,0.0404,0.098,0.0787,0.0071,0.0564,13259.04,2025-01-18 12:16:09,0.0607
123,650892332,跨越阶级不是靠努力和偶然,177580,商业故事会,3461579202889937,3984,8536,109,939,81,65,339,0.1228,0.0562,0.0053,44.5733,0.0005,0.0094,0.1727,0.0412,0.0195,0.0398,30549.88,2023-01-29 01:25:44,0.0606
124,113821163258737,上下层的阶级跨越,864627,甜蜜老张,1548805549,1571909,47641,1446,3364,421,234,175,0.101,0.0611,0.0039,0.55,0.0005,0.0075,0.1883,0.03,0.0002,0.0425,13370.29,2025-01-13 21:01:13,0.06
125,1903389339,导演跟拍10年！北京十一学校非典型学霸周子其：“彪悍的人生无需解释！”,65651,正义力量86,624432530,1745,373,38,257,161,27,10,0.7909,0.0107,0.0039,37.6223,0.0025,0.0669,0.0275,0.0302,0.0165,0.214,19877.42,2024-04-17 19:41:49,0.0594
126,965826982,五年公务员辞职，穷人家的孩子跨越不了阶级,156934,哈哈哈么客气,1395532464,2199,7016,73,376,232,46,300,0.064,0.0498,0.0024,71.3661,0.0015,0.0043,0.1521,0.0181,0.0313,0.129,22377.27,2024-01-04 14:01:38,0.0592
127,116884749948438,《触不可及》根据真人真事改编，120万人无一差评！笑中带泪的真挚友谊，跨越阶级的灵魂救赎！,226079,二中影视,307310886,19266,1563,88,1775,7,3,1,1.1919,0.0152,0.0079,11.7346,0.0,0.1014,0.0416,0.0618,0.0051,0.0027,385.06,2026-07-08 22:14:20,0.059
128,405879266,人一旦跨越了阶级就再也无法共情老百姓了，冒雨交医保被拒收现金,76488,兜子娱乐,1993524327,69064,248,22,358,8,8,8,1.5323,0.0084,0.0047,1.1075,0.0001,0.1307,0.0201,0.0364,0.0004,0.0091,25110.89,2023-09-12 18:13:12,0.059
129,1852797251,大学只是让你认清阶级 而不是让你跨越阶级,143084,从从日记,228185861,7627,1853,125,1008,190,105,319,0.6114,0.0238,0.007,18.7602,0.0013,0.0514,0.0693,0.0553,0.0082,0.1159,20066.14,2024-04-09 21:10:00,0.0588
130,112898097547782,穷人想翻身，实现阶级跨越有多难！,83316,辣评侃片,388601571,3982,121,31,181,5,5,1,1.7521,0.0041,0.0022,20.9232,0.0001,0.1497,0.0062,0.0163,0.0091,0.0052,17284.45,2024-08-03 20:40:19,0.0586
131,115162350618319,忠臣被虐，无奈造反？揭秘南朝寒族跨越阶级的密码！【南北10】,257655,杜茹慧,1105349912,382939,5579,1400,1463,144,1091,580,0.5132,0.0393,0.0057,0.6728,0.0006,0.043,0.1185,0.0444,0.0003,0.0488,7668.25,2025-09-08 11:03:34,0.0584
132,783721849,五年公务员辞职，穷人家的孩子跨越不了阶级,1001444,哈哈哈么客气,1395532464,2199,14350,493,2379,1671,487,2598,0.2001,0.0203,0.0024,455.4088,0.0017,0.016,0.0579,0.0179,0.1999,0.1456,27966.22,2023-05-16 17:05:17,0.0582
133,676051700,穷人跨越阶级有多难？,119026,酒鬼Kerry,413244992,1385,911,138,661,114,20,127,0.8771,0.0156,0.0056,85.9394,0.001,0.0743,0.043,0.0434,0.0377,0.0836,41906.47,2021-10-12 20:50:07,0.0576
134,749519464,狂魔哥认冰淇淋为义父，将跨越社会阶级成为上流社会的线下宠物 #狂魔哥 #冰淇淋 #王者荣耀,84920,断齿呀,669113094,14351,1663,33,117,332,20,197,0.0902,0.0239,0.0014,5.9174,0.0039,0.0066,0.0695,0.0099,0.0026,0.3412,22993.11,2023-12-10 00:00:54,0.056
135,448484665,顶流主播素质差距，跨越阶级后真实嘴脸藏不住了！,99454,娱圈小奶茶,1808974858,71234,3363,126,308,171,93,339,0.1291,0.0425,0.0031,1.3962,0.0017,0.0099,0.1289,0.0237,0.0006,0.1501,25064.65,2023-09-14 16:27:57,0.0555
136,703512686,丰臣秀吉以外的平民出身大大名还不少？几个日本战国最显眼的屌丝逆袭人生。建议足轻们反省一下别人怎么能跨越阶级，是不是自己工作不够努力。【战国社畜5-转职篇】,94027,花散里Hanachirusato,1743762654,143984,2345,319,517,40,612,227,0.3565,0.0428,0.0055,0.653,0.0004,0.0295,0.1297,0.0429,0.0002,0.0371,25038.17,2023-09-15 18:56:45,0.0551
137,1105547955,一张足够好看的脸，就是自己跨越阶级的入场券。#张局董雨欣,187968,任志达,41143283,183327,9418,154,630,106,106,182,0.0832,0.0558,0.0034,1.0253,0.0006,0.006,0.1713,0.0257,0.0004,0.0492,18462.28,2024-06-15 17:01:12,0.055
138,115473098280464,【历史上的英雄】一个底层小吏的悲歌：无法跨越的阶级门槛,198507,蒋七七ChiChan,3403527,572074,3333,53,1910,43,117,100,0.589,0.0278,0.0096,0.347,0.0002,0.0495,0.0819,0.0759,0.0001,0.0189,6366.3,2025-11-01 17:00:00,0.0549
139,729704546,女士花钱学追高富帅幻想跨越阶级，请远离精神鸦片，不要痴人说梦！,328252,轩语说婚恋,1969220903,342236,10006,948,1048,508,523,527,0.1995,0.0398,0.0032,0.9591,0.0015,0.016,0.1201,0.0245,0.0004,0.1351,34420.26,2022-08-20 19:03:21,0.0541
140,996147457,“娶了我女儿，是你跨越阶级的唯一出路”,115879,爱剪辑Love,483053920,48745,1489,34,765,143,38,291,0.5366,0.0226,0.0066,2.3772,0.0012,0.045,0.0653,0.0518,0.001,0.1077,27964.46,2023-05-16 20:39:27,0.0533
141,642812303,“盗用白富美身份，一步步跨越阶级”我以为我是来看脸的，没想到被演技惊艳！！！,857760,全员绝色,371074361,2797,11667,411,3994,656,330,487,0.3776,0.0197,0.0047,306.6714,0.0008,0.0313,0.0561,0.0362,0.1346,0.0668,35748.55,2022-06-26 10:45:04,0.0523
142,1701754636,不是一个圈子就别硬挤，小门小户出身，母亲不受宠常常被姨娘欺负，出了门更是连赏钱都给不起，而甄嬛眉庄是现代意义上的真名媛，想要跨越阶级她已经用尽全力了,164828,綰綰_,384475096,181,2440,21,83,2,0,36,0.0426,0.0157,0.0005,910.6519,0.0,0.0025,0.0432,0.0029,0.3997,0.0011,20688.57,2024-03-14 22:43:58,0.0523
143,1450209275,一口气看完亚视经典祖先开眼，女孩意外召唤出先祖，从此跨越阶级走向巅峰,133887,周周撩剧,20131205,22183,2585,245,995,53,170,103,0.4797,0.0306,0.0074,6.0356,0.0004,0.0401,0.0909,0.0584,0.0026,0.0346,21509.81,2024-02-09 17:30:00,0.0522
144,681084087,穷小子捡来一身制服，冒充交警上街开罚单，实现了阶级跨越#影视剪辑#,1672516,木子杉影视,570092666,33263,78905,522,5163,374,747,903,0.072,0.0516,0.0031,50.2816,0.0002,0.005,0.1578,0.0236,0.022,0.0195,39270.29,2022-01-30 17:00:18,0.0501
145,829219333,“跨越阶级的白日梦，都寄托在这一小瓶‘斯丹康’里！”,319706,EA熊不熊,261781199,26417,9520,282,1036,416,552,945,0.1384,0.0386,0.0032,12.1023,0.0013,0.0107,0.1164,0.0248,0.0053,0.1136,26102.74,2023-08-02 08:34:17,0.0497
146,113487464366648,李子柒和麦琳，两个引爆互联网的女人，其实是普通人跨越阶级的一体两面,73738,楠哥有财气real,30413639,36105,1242,55,341,102,153,281,0.3188,0.0281,0.0046,2.0423,0.0014,0.0263,0.0829,0.0359,0.0009,0.1207,14786.48,2024-11-15 22:38:18,0.0493
147,453283228,留学确实可以跨越阶级👀,224695,熊猫学术,3546588557347445,2976,10384,26,360,123,9,392,0.0372,0.0497,0.0016,75.5024,0.0005,0.002,0.1519,0.0117,0.0331,0.0478,22375.2,2024-01-04 16:06:39,0.0491
148,113116134248412,60万买下北京五环3套房产，穷女孩直接逆袭带全家跨越阶级，有这头脑想不富都难啊,119515,烈风视频剪辑,1714402095,11874,6695,16,77,6,54,183,0.0139,0.0588,0.0006,10.0653,0.0001,0.0,0.1808,0.0041,0.0044,0.0044,16358.53,2024-09-11 08:45:43,0.0469
149,113303602856611,天啦这也太贴近现实了吧，不会真的有人认为，听几节情感课做做医美，就能跨越阶级成为捞女了吧,122665,syii_小懿,28918442,6527,3288,81,776,23,14,63,0.2606,0.0344,0.0063,18.7935,0.0002,0.0212,0.1031,0.0495,0.0082,0.0164,15563.98,2024-10-14 11:19:17,0.0456
150,113822069162441,乐言的长相就是那种完全可以跨越阶级的有种天选小说女主的感觉,125024,豆汁兔子,562290419,5778,3075,35,781,39,18,130,0.2654,0.0323,0.0062,21.6379,0.0003,0.0217,0.0963,0.0489,0.0095,0.0272,13366.4,2025-01-14 00:54:50,0.0451
151,914015827,感谢这游戏，让我知道普通人跨越阶级有多难...,86804,玩家糯米,472935123,84909,3306,33,403,12,13,24,0.1319,0.0435,0.0046,1.0223,0.0001,0.0102,0.1322,0.0361,0.0004,0.0121,26194.58,2023-07-29 14:32:20,0.0451
152,324256711,暴叔都不知道的小众乐器应该怎么规划,69172,暴叔讲升学规划,3493144295377496,98787,3024,10,144,33,29,105,0.0509,0.0479,0.0021,0.7002,0.0005,0.0032,0.146,0.0156,0.0003,0.0416,23074.54,2023-12-06 14:35:00,0.0449
153,113767828425948,00后双非二本捡漏中石油，一周干三天，年薪18个，靠自己备考油企就实现了跨越阶级！,182327,皮蛋瘦肉羊,3493144433789732,1100,748,72,450,142,11,258,0.6979,0.0084,0.0025,165.7518,0.0008,0.0589,0.0202,0.0187,0.0727,0.068,13596.32,2025-01-04 10:58:55,0.0435
154,1254467170,“跨越阶级的白日梦，都寄托在这一小瓶斯丹康里！”,91346,EA熊不熊,261781199,26417,2223,150,325,63,109,312,0.2137,0.0341,0.0036,3.4578,0.0007,0.0172,0.1022,0.0274,0.0015,0.0602,19313.02,2024-05-11 08:05:36,0.0432
155,875444721,原来留学真的可以跨越阶级，出国后: 好想偷东西,170714,不学习只能给别人点赞,1816378119,31751,5940,20,502,98,42,479,0.0879,0.0409,0.0029,5.3766,0.0006,0.0064,0.1238,0.0224,0.0023,0.0501,23843.58,2023-11-04 11:43:07,0.0429
156,116485536095853,为什么穷苦出生的漂亮女孩子千千万却很少实现阶级跨越？,92911,超级大大357,51354695,1487,580,14,417,14,10,136,0.7431,0.0125,0.0045,62.4822,0.0002,0.0628,0.033,0.0348,0.0274,0.0132,2078.95,2026-04-29 10:09:59,0.0412
157,741339946,黑人白癜风竟任由白癜风扩大，只为阶级跨越,152578,去白肖主任,1994827120,876,5163,23,139,74,23,153,0.0314,0.0361,0.0009,174.1758,0.0005,0.0015,0.1083,0.0062,0.0764,0.0423,27939.19,2023-05-17 20:06:28,0.0407
158,116324407771382,“祝英台每往前的一步，都是梁山伯需要跨越的一个阶级”,73333,XiaMi皓轩丶,3546838495922921,2540,2500,30,210,24,10,88,0.096,0.0387,0.0029,28.8713,0.0003,0.0071,0.1167,0.0218,0.0126,0.0286,2748.97,2026-04-01 12:09:00,0.0401
159,114206586176432,十秒钟完成阶级跨越,109813,亚里土缺德,387243643,355441,3227,25,173,148,7,143,0.0614,0.0326,0.0016,0.3089,0.0013,0.0041,0.0971,0.0115,0.0001,0.1176,11738.41,2025-03-22 22:42:20,0.0398
160,114918393186816,为什么穷苦出生的漂亮女孩子千千万却很少实现阶级跨越？,101899,二十岁的天空是怎样的,3546569871723340,11324,3634,9,304,5,19,273,0.0861,0.0416,0.003,8.9985,0.0,0.0062,0.126,0.0228,0.0039,0.0043,8721.45,2025-07-26 15:40:09,0.039
161,114731595597567,读书是让你认清阶级，不是跨越阶级,91191,偶像观察室,1590664007,17705,3152,8,291,15,15,95,0.0949,0.039,0.0032,5.1506,0.0002,0.007,0.1178,0.0244,0.0022,0.0144,9295.17,2025-07-02 17:57:00,0.0384
162,648938119,穷小子捡到一身制服实现了阶级跨越,138053,bili_51807642385,3493095203145794,215,1863,18,19,4,9,4,0.0199,0.0139,0.0001,642.107,0.0,0.0005,0.0374,0.0,0.2818,0.0025,31520.68,2022-12-19 14:38:00,0.038
163,114629305043598,“一场名为‘斯丹康’的跨越阶级之梦！”这台词至今仍然讽刺！,132597,酩狂天香,7942219,26898,298,2,315,4,2,5,1.0638,0.0047,0.0024,4.9296,0.0,0.0904,0.0082,0.0179,0.0021,0.0026,9944.88,2025-06-05 14:24:55,0.0377
164,366503837,钓友们，听说钓鱼还可以发展人脉，是真的吗？,118931,小耶宝贝,599150536,5956,3102,21,301,85,190,166,0.1038,0.0318,0.0025,19.9683,0.0007,0.0077,0.0947,0.0192,0.0087,0.0624,23200.44,2023-12-01 08:40:30,0.0373
165,367471107,原来留学真的可以跨越阶级！ #零元购 #德国留学 #德国生活 #留学德国 #老佛爷已经付过钱了,197761,艾瑞留德说,3493296810756113,1030,6261,16,167,13,4,102,0.0292,0.0331,0.0008,192.001,0.0001,0.0013,0.0989,0.0057,0.0842,0.0057,22789.95,2023-12-18 09:21:03,0.0353
166,486505873,这就是降维打击，难以跨越的阶级,354478,五分钟快速食谱,2139324099,1740,9667,44,476,34,102,411,0.0538,0.0302,0.0013,203.723,0.0001,0.0034,0.0896,0.0096,0.0894,0.0084,27720.28,2023-05-26 23:01:32,0.0353
167,404380070,“一场名为‘斯丹康’的跨越阶级之梦！”这台词真是超前的讽刺啊！,99577,酩狂天香,7942219,26898,1936,51,203,114,61,257,0.1312,0.0252,0.002,3.702,0.0011,0.0101,0.0736,0.0152,0.0016,0.0999,25979.55,2023-08-07 13:34:25,0.0351
168,1701761140,为什么每次都让我在亲戚面前丢脸？,385264,耿傲天,394475147,417898,11180,1644,409,13,27,352,0.1836,0.0353,0.0011,0.9219,0.0,0.0146,0.106,0.0074,0.0004,0.0029,20695.69,2024-03-14 15:37:07,0.0334
169,115881019441623,爆笑跨越：猪小明本想跨越阶级，不料还是在小区保安队集合了,66068,金梅瓶影视,3493292912151145,18184,165,8,143,0,2,2,0.9152,0.0048,0.0022,3.6333,0.0,0.0776,0.0087,0.0162,0.0016,0.0,4544.02,2026-01-16 17:06:00,0.0327
170,229981871,《全能皇帝》穿越到宋朝，你成了一个地痞无赖，为了实现阶级跨越，你决定占山为王等待朝廷招安，却始终没有等来朝廷的招安劝降书 于是三年后，你的手下给你黄袍加身,137330,阿呆不会呆呀,1580652311,3668,2299,51,560,11,99,74,0.2658,0.0224,0.0041,37.44,0.0001,0.0217,0.0649,0.0315,0.0164,0.007,27129.89,2023-06-20 13:24:56,0.0325
171,349033207,“高考真的可以跨越阶级嘛”？,109870,小豪哥798,496035831,2497,2248,39,250,66,31,140,0.1286,0.0246,0.0023,44.0008,0.0006,0.0099,0.0719,0.0171,0.0193,0.0524,31471.22,2022-12-21 17:53:59,0.032
172,113219666448473,有为青年千早爱音在短短几秒内完成了阶级跨越,86609,代米琪亚娜,699693567,10177,1236,12,257,70,22,84,0.2176,0.0186,0.003,8.5103,0.0008,0.0175,0.0526,0.0227,0.0037,0.0705,15921.57,2024-09-29 15:32:55,0.0312
173,114131088777047,【猫meme】是谁还不相信留学可以跨越阶级,352874,Kate讲留学,3546770317510762,5042,11173,25,215,83,6,263,0.0215,0.0331,0.0006,69.9869,0.0002,0.0007,0.0989,0.0038,0.0307,0.0205,12056.66,2025-03-09 14:38:48,0.0308
174,113825508564482,一张足够好看的脸，就是自己跨越阶级的入场券,137889,任志哒,3493268350306676,32275,2821,88,397,53,17,96,0.1719,0.0248,0.0029,4.2723,0.0004,0.0136,0.0724,0.022,0.0018,0.0335,13351.87,2025-01-14 15:25:57,0.0308
175,115061251119003,大学生靠风口完成阶级跨越，做建模副业赚爽了...,490464,接单糕手,3546796565465359,6173,3033,220,1292,129,124,90,0.4985,0.0097,0.0026,79.4531,0.0003,0.0417,0.0242,0.02,0.0348,0.023,8114.1,2025-08-20 21:12:32,0.0304
176,115909557553409,《黑暗荣耀》里谁最有钱？无法跨越的阶级壁垒，才是最狠的刀！,72001,公考干货君,473654149,242617,797,35,238,32,69,52,0.3425,0.0165,0.0033,0.2968,0.0004,0.0283,0.046,0.0254,0.0001,0.0388,4520.34,2026-01-17 16:46:37,0.0304
177,114795265131855,留学真的可以跨越阶级！！,501479,野生糯米崽-留学版,3546613997897931,52239,16032,95,507,53,23,124,0.0375,0.0335,0.001,9.5997,0.0001,0.002,0.1,0.007,0.0042,0.0092,9241.46,2025-07-04 21:50:58,0.0285
178,1205872091,"此Rs7非彼Rs7,跨越阶级了，记得给自己送一辆Rs7。#阶级碰撞#奥迪Rs7#奥迪A7",79498,Car纪录片,621217796,5755,925,8,180,58,7,280,0.2032,0.0176,0.0023,13.8137,0.0007,0.0163,0.0494,0.017,0.006,0.0637,18151.94,2024-06-28 17:10:31,0.0284
179,112836760045262,吴勇豪与国宝顶峰相见，国宝只用了三年，便实现了阶级的跨越！,95930,肥猫篮球社,222144625,252,816,2,71,18,14,49,0.0895,0.0099,0.0007,380.6746,0.0002,0.0065,0.0249,0.0048,0.1671,0.0164,17544.47,2024-07-24 00:38:51,0.0278
180,115666170485632,怀孕挤出租、坐经济舱，方媛的豪门路满是委屈？实则是顶级清醒的阶级跨越术,99471,底层的拾梦人,1388095505,47724,1455,19,263,38,70,117,0.1938,0.0193,0.0026,2.0843,0.0004,0.0155,0.0549,0.0201,0.0009,0.0333,5551.92,2025-12-05 17:11:29,0.0266
181,114998772833896,男人取钱发现卡里多了三百万，瞬间跨越阶级走向开挂人生，通缉令,196080,华宇影视w,690735488,13430,2263,33,555,31,512,182,0.2598,0.0181,0.0028,14.6001,0.0002,0.0212,0.0509,0.0216,0.0064,0.0138,8378.83,2025-08-09 20:29:05,0.0265
182,1351405388,唉，没有跨越阶级的命😮‍💨,105586,毬亚Maria,576858552,50245,2490,28,129,45,2,105,0.0631,0.0261,0.0012,2.1014,0.0004,0.0042,0.0765,0.0087,0.0009,0.0372,20984.35,2024-03-02 16:45:53,0.0261
183,113352391004826,这种开局打螺丝都算阶级跨越了,94935,无敌の坚果,3546738658904294,1660,2397,10,90,5,18,142,0.0417,0.028,0.0009,57.1898,0.0001,0.0024,0.0825,0.0065,0.0251,0.0046,15359.01,2024-10-23 02:06:35,0.0257
184,965384785,这下我真的信留学可以跨越阶级了,107072,娱乐梅超疯,1772521285,17223,3401,14,59,2,0,4,0.0215,0.0325,0.0006,6.2168,0.0,0.0007,0.0969,0.0033,0.0027,0.0016,22519.49,2023-12-29 17:38:01,0.0255
185,1551643940,原来资本一旦跨越阶级后，就再也无法共情老百姓了,434141,娱乐小星星,1702947478,12286,10952,85,493,46,21,174,0.0528,0.027,0.0011,35.3362,0.0001,0.0033,0.0794,0.008,0.0155,0.0092,20741.63,2024-03-12 17:41:04,0.0251
186,115772101891086,天王嫂方媛告诉你，跨越阶级后该如何守住地位,376799,动漫小前锋,1633823172,22728,6289,57,872,83,247,357,0.1477,0.0208,0.0023,16.5786,0.0002,0.0115,0.0595,0.0174,0.0072,0.0192,5101.17,2025-12-24 10:08:25,0.025
187,114916279190535,这难以跨越的阶级，也是难以逾越的鸿沟，难怪说人比人气s人,325179,一见倾心DE中意,50855043,2211,6290,33,192,18,45,488,0.0358,0.0217,0.0006,147.0733,0.0001,0.0019,0.0624,0.0036,0.0645,0.0048,8728.59,2025-07-26 06:42:45,0.0239
188,1751117619,心机女主为了实现跨越阶级故意利用男主来接近财阀男二！最终成功拿下财阀男二，并且也让男主对她念念不忘！！,87955,木-木子mu,3493295344846997,1668,1545,12,161,14,6,37,0.112,0.02,0.0018,52.7308,0.0002,0.0084,0.0571,0.0136,0.0231,0.0139,21048.97,2024-02-29 00:08:40,0.0236
189,113864465187624,上班后的阶级跨越,630538,下了猫猫雨i,470421842,44160,14516,317,473,101,9,180,0.0544,0.0246,0.0008,14.2785,0.0002,0.0035,0.0716,0.0049,0.0062,0.014,13186.76,2025-01-21 12:32:19,0.0221
190,113033456124434,为什么很多穷苦出生的漂亮女生，很难实现阶级跨越。,131865,72922812541_bili,412270957,22830,2538,18,119,7,17,210,0.054,0.022,0.0009,5.776,0.0001,0.0035,0.0635,0.0061,0.0025,0.0046,16709.0,2024-08-27 18:18:51,0.019
191,915836122,实现阶级跨越的仪式，不管她跳不跳脱衣舞，只要她走上那个舞台， 疯马秀搜 的阴影将会一直笼罩着！,74364,明星娱乐第一现场,3494351164410514,3060,448,4,117,4,16,181,0.2701,0.0103,0.0016,24.302,0.0001,0.0221,0.0261,0.0115,0.0106,0.0047,25141.03,2023-09-11 12:05:12,0.0181
192,114873547689834,男人取钱发现卡里多了三百万，瞬间跨越阶级走向开挂人生，通缉令,113199,艾斯基人,397683812,36982,946,2,193,8,243,92,0.2061,0.013,0.0017,3.0609,0.0001,0.0166,0.0348,0.0125,0.0013,0.0062,8908.93,2025-07-18 20:11:06,0.0178
193,303567597,“人间清醒”杨幂：为赢投资2年接18部戏，3年赚3亿完成阶级跨越,339041,胡叔说料,1415499618,4282,5194,66,162,10,44,115,0.0439,0.0165,0.0005,79.1782,0.0,0.0026,0.0458,0.0027,0.0347,0.0026,33466.15,2022-09-29 13:08:37,0.0166
194,1806338393,原来留学真的可以改变阶级，谁说向下跨越不是一种跨越哈哈哈 ,93839,不怕晒的小草,2119493297,5836,1378,2,60,8,8,103,0.045,0.0165,0.0006,16.0793,0.0001,0.0027,0.046,0.004,0.007,0.0074,17649.82,2024-07-19 15:17:42,0.0147
195,310188637,酒店女服务员与政治高层的爱情故事！跨越阶级的甜甜爱情！,185967,指尖的霸气小妖,1513023310,1266,946,14,88,3,16,19,0.1078,0.0058,0.0005,146.8934,0.0,0.0081,0.0118,0.0027,0.0644,0.0014,29841.62,2023-02-27 13:41:35,0.0129
196,113713671570800,古代四大军功“先登、斩将、陷阵、夺旗”，真的可以让一个普通人跨越阶级这个鸿沟吗？？,206635,bgm晓崔游戏,3546382740753103,29245,823,18,64,12,21,193,0.0996,0.0054,0.0003,7.0657,0.0001,0.0074,0.0105,0.0014,0.0031,0.0051,13825.89,2024-12-25 21:24:17,0.0063
