排名,note_id,标题,互动量,作者,作者UID,点赞数,收藏数,评论数,分享数,标签,收藏率,互动密度,分享率,评论率,收藏得分,互动得分,分享得分,评论得分,笔记年龄(小时),发布时间,价值综合评分
1,69bd12a8000000001a0216ba,,2139,曹贼,610ca0ab0000000001000827,1363,769,7,0,"纯欲,瘦,随拍,白,双马尾,对镜拍,poetwong,作者",0.5642,1.0,0.0,0.0051,1.0,1.0,0,0.0914,2821.07,2026-03-30 00:00:00,0.7137
2,69f2dbc200000000350286ba,要和小爱一起去海边玩吗,1545,干饭妹筱筱,5bea9896168a600001243367,1056,486,3,0,"鸣潮,鸣潮爱弥斯,鸣潮创作激励",0.4602,1.0,0.0,0.0028,0.8157,1.0,0,0.0505,2077.03,2026-04-30 00:00:00,0.6339
3,69d47ec0000000001f0013a0,纯欲天花板,1934,一只小羊,699d1eb2000000002302c305,1342,585,7,0,"纯欲风,纯欲天花板",0.4359,1.0,0.0,0.0052,0.7726,1.0,0,0.0928,2629.03,2026-04-07 00:00:00,0.623
4,69db4bb6000000002301e26c,泰国普吉岛跟三亚海边一样…😭,7651,诗颖,5fae4172000000000100a988,5543,1989,119,0,"正常穿搭无不良价值观,居家拍出氛围感",0.3588,1.0,0.0,0.0215,0.636,1.0,0,0.3819,1093.05,2026-06-10 00:00:00,0.6117
5,6a22b03c000000003502a715,ᨳ͛⁠⁃ ⩊ ⁃ ഒ,2162,小山茶,5de255b50000000001006693,1690,377,95,0,,0.2231,1.0,0.0,0.0562,0.3954,1.0,0,1.0,6325.05,2025-11-04 00:00:00,0.6082
6,6a431d1c000000000f032c2b,,2091,颜财神✨,695fa0ad00000000140161a4,1498,585,8,0,"本命英雄由我cos,个人魅力展现,二次元与现实,现实与二次元,当游戏人物走进现实,二次元,极品身材,你要怎么抵抗我,来一点小小的二次元震撼,二次元裂缝已打开",0.3905,1.0,0.0,0.0053,0.6922,1.0,0,0.095,0,,0.5911
7,6a28cfad000000002200998c,宅家拍点照、就爱这种轻松感～,2083,心静如水,6632f70c0000000003032007,1539,521,23,0,"永远没烦恼,日常,纯欲,可爱贴纸,作者",0.3385,1.0,0.0,0.0149,0.6,1.0,0,0.2659,2221.06,2026-04-24 00:00:00,0.5799
8,69b03e310000000015020d5f,蕾蕾的,18145,小亿,5a598dd8e8ac2b51c0b9a613,13639,4285,221,0,"瘦,纯欲,随拍,对镜拍,白,双马尾,作者",0.3142,1.0,0.0,0.0162,0.5568,1.0,0,0.2883,1213.04,2026-06-05 00:00:00,0.566
9,698c4b58000000000e03d8e2,左划看普通女大互勉拍照一年的变化～,14063,小斜,5f9416f70000000001004c38,11168,2464,431,0,"甜妹治愈一切,少女感写真,日系少女,喜欢每一个有阳光的日子,阳光下的氛围感,泡在阳光里,阳光是最好的照片滤镜,少女的裙摆,地蕾係,青春的气息,作者",0.2206,1.0,0.0,0.0386,0.3911,1.0,0,0.6865,3301.04,2026-03-10 00:00:00,0.5594
10,69a93cef0000000015032c14,🐰 🐇🐱🐾🐈,16257,小岚同学,5833ec1f6a6a6956383b811f,12598,3327,332,0,"新中式拍照,森系氛围感,随地大小拍,我本无意入江南,作者",0.2641,1.0,0.0,0.0264,0.4681,1.0,0,0.4688,925.06,2026-06-17 00:00:00,0.5576
11,69fd7d36000000001a0377bf,没活就酒杯腿挑战,23819,宫本绘,5b3753fd4eacab72561a3805,17828,5919,72,0,"鸣潮,鸣潮爱弥斯,鸣潮创作激励",0.332,1.0,0.0,0.004,0.5885,1.0,0,0.0718,2077.05,2026-04-30 00:00:00,0.5462
12,6a17ee51000000003501fa34,芥末萌(｡ì _ í｡),3471,seo子,6045f7e20000000001007577,2782,626,63,0,"甜妹,甜妹穿搭,作者",0.225,1.0,0.0,0.0226,0.3988,1.0,0,0.4029,1405.03,2026-05-28 00:00:00,0.52
13,6a16cc650000000007028470,我买了件很漂亮的泳衣～,23652,仓大佬,5e71f2eb0000000001005135,18653,4897,102,0,,0.2625,1.0,0.0,0.0055,0.4653,1.0,0,0.0973,0,,0.5007
14,6909fd140000000003037876,温柔姐姐,6749,鱼鱼酒,5db536610000000001005715,5433,1243,73,0,"ariseism,作者",0.2288,1.0,0.0,0.0134,0.4055,1.0,0,0.239,3325.05,2026-03-09 00:00:00,0.4981
15,6a294f310000000035030942,来公园吸氧啦🍃,6124,你是彬彬吗,5d73d07b0000000001018c34,5126,846,152,0,"拿破仑摇,卡点舞",0.165,1.0,0.0,0.0297,0.2925,1.0,0,0.5275,1069.07,2026-06-11 00:00:00,0.4961
16,6a4e4bb9000000001c02580b,꒰🎀⊹ ࣪ ˖ 𝓟𝓲𝓷𝓴 𝓓𝓲𝓪𝓻𝔂 ໒꒱,1546,鱼鱼酒,5db536610000000001005715,1274,257,15,0,,0.2017,1.0,0.0,0.0118,0.3575,1.0,0,0.2095,3037.07,2026-03-21 00:00:00,0.4744
17,69553298000000001d03ac4b,𝟐𝟎𝟐𝟓我的年度18图,9119,鲨鱼小莹,5e0c3e760000000001009471,7611,1425,83,0,"分享图片,人生再也拍不出来的照片,新年快乐,作者",0.1872,1.0,0.0,0.0109,0.3319,1.0,0,0.194,4957.03,2025-12-31 00:00:00,0.4618
18,69a3b4e30000000022033fd0,,22039,kilin_,620bb63b0000000010005241,19822,1949,268,0,"cos,鸣潮,爱弥斯",0.0983,1.0,0.0,0.0135,0.1743,1.0,0,0.2405,1885.05,2026-05-08 00:00:00,0.4058
19,6a180d9a00000000350320ae,你,58864,anvil.,5bf0038bda83a0000174b4f7,53658,4723,483,0,"拍照姿势,来拍照了,拍照分享",0.088,1.0,0.0,0.009,0.156,1.0,0,0.1601,1405.02,2026-05-28 00:00:00,0.3864
