排名,av_id,标题,播放量,UP主,UP主UID,粉丝数,粉丝转化率,播放速率(次/小时),视频年龄(小时),互动密度,评论数,速率得分,转化得分,互动得分,新鲜度得分,播放量得分,历史增长%,数据点数量,发布时间,综合评分
1,116838964923772,涨价两元的盒饭风波,6111191,地坛剧场,222674840,39316,155.44,10500.08,582.0,0.0421,1203,1.0,1.0,0.193,0.25,0.6537,,1,2026-06-30 20:08:03,0.6915
2,860504571,一块钱能做什么？在这里，一块钱一杯茶可以坐一整天，坚守村子最后一家茶馆，50年不涨价，果然人间烟火气，最抚凡人心！,1586402,Amy乐乐软糖,297936321,56181,28.24,49.5,32045.6,0.2181,2773,0.0047,1.0,1.0,0.0,0.0822,,1,2022-11-27 20:36:07,0.4596
3,115586780632772,没涨价前速玩！！赛季初国补下30万就能满改的枪！三角洲实用改枪码！,1211444,初水改枪,5995562,194415,6.23,205.7,5889.5,0.205,594,0.0196,1.0,0.9399,0.0,0.0348,,1,2025-11-21 16:41:57,0.4473
4,116549490837551,显卡涨价商家不发货只能认栽？小企鹅教你两句话让他乖乖发货！,4786929,一律懂法,54684514,66742,71.72,2646.14,1809.0,0.0274,851,0.252,1.0,0.1256,0.1667,0.4864,,1,2026-05-10 17:09:33,0.4244
5,116928404460835,童年不要钱的东西，换个名字涨价百倍？,1171072,大明白李淑芬,1375678265,532228,2.2,7694.49,152.2,0.0072,39,0.7328,0.4446,0.033,0.5,0.0297,,1,2026-07-18 18:00:00,0.4156
6,1502983677,无耻国货变相涨价，产品外壳单独售卖？,1429757,神仙弟弟阿鑫,381610296,96022,14.89,70.98,20143.1,0.1623,2054,0.0068,1.0,0.7442,0.0,0.0624,,1,2024-04-06 19:05:00,0.4071
7,114970083789574,国家育儿补贴刚落地，奶粉尿不湿迎来“技术性”涨价潮？,2183989,败家财经,532778711,100683,21.69,256.84,8503.4,0.1441,13914,0.0245,1.0,0.6607,0.0,0.1577,,1,2025-08-04 18:46:22,0.4052
8,290463235,【5毛的早餐你吃过吗？】85岁老奶奶早餐只卖5毛钱，27年从未涨价！,1472870,了不起的国人,1914027937,185720,7.93,32.21,45725.7,0.1603,2902,0.0031,1.0,0.735,0.0,0.0678,,1,2021-05-06 20:26:44,0.4047
9,806743962,“10块钱4个，我嫌不够刺激不够爽！”郑州2元面包店6年不涨价！,3694896,河南民生频道大参考,403207842,203989,18.11,89.75,41169.8,0.1229,7142,0.0085,1.0,0.5635,0.0,0.3485,,1,2021-11-12 16:22:59,0.4001
10,983081785,雪莲负责人：雪莲5毛一包13年未涨价，“赚不到很多钱 更多是情怀”,3765104,直播日照,590804848,102819,36.62,105.76,35600.6,0.1143,11085,0.0101,1.0,0.5241,0.0,0.3574,,1,2022-07-02 17:36:01,0.3936
11,922675003,卖了27年5角钱早餐的“早餐奶奶”走了,1128054,美丽浙江,3493122168326421,85152,13.25,49.86,22623.5,0.1512,3619,0.0047,1.0,0.6933,0.0,0.0243,,1,2023-12-25 10:39:41,0.3925
12,815028382,4块钱的通缉犯，一涨价立马落网...,8852906,川烈,3462389,1383021,6.4,259.16,34159.8,0.0295,2454,0.0247,1.0,0.1353,0.0,1.0,,1,2022-08-31 18:24:26,0.3845
13,114738138842511,太原小伙卖打卤面，80个鸡蛋当水泼，12元一碗，四年不涨价,6706944,小食光光,470990524,186369,35.99,708.07,9472.2,0.0406,8537,0.0674,1.0,0.1862,0.0,0.7289,,1,2025-06-25 10:00:00,0.3804
14,84808793,【出租屋改造】真·房东涨价系列，1500元改造12平米仓库小单间,1717748,蒋叉子,4916938,165175,10.4,30.15,56965.8,0.122,2480,0.0029,1.0,0.5594,0.0,0.0988,,1,2020-01-24 12:22:49,0.3726
15,115982655817176,这一戳，直接给北极星又干涨价了,1050454,懿星鱼喵,3546567474678421,14227,73.84,249.43,4211.5,0.1179,1511,0.0238,1.0,0.5406,0.0,0.0145,,1,2026-01-30 14:40:58,0.3667
16,77542288,江西70岁老奶奶摆摊卖小吃，一毛一个30年没涨价，全国顾客慕名来,1738043,李大馋师,337019942,51975,33.44,29.82,58282.5,0.1108,5116,0.0028,1.0,0.508,0.0,0.1013,,1,2019-11-30 15:38:39,0.3626
17,116842605579743,iPhone18大涨价？苹果手机快撑不住了！,1166736,数码骇浪,3546960499837426,176560,6.61,2059.18,566.6,0.0066,26,0.1961,1.0,0.0303,0.25,0.0292,,1,2026-07-01 11:35:10,0.3553
18,116774355863746,当包子铺老板只给你涨价,1012456,温柔的阿助,3706988619893538,6765,149.66,1183.04,855.8,0.0341,79,0.1127,1.0,0.1564,0.1667,0.0097,,1,2026-06-19 10:20:23,0.341
19,1802281184,178元必胜客自助 2000多战绩1人 你涨价我就不客气了,1477403,饭桶弟弟-,3546380165450505,258909,5.71,72.39,20409.0,0.0857,3919,0.0069,1.0,0.3929,0.0,0.0684,,1,2024-03-26 17:09:53,0.3375
20,447172862,屌丝饮料：好好好！嫌弃我是吧？我明天就涨价！！！！,1656625,潘彩蛋,480892741,306036,5.41,64.17,25815.6,0.0821,2711,0.0061,1.0,0.3764,0.0,0.091,,1,2023-08-14 10:30:37,0.3362
21,305788526,韩国玩家质疑原石涨价，竟要抵制纳西妲卡池。,2461777,深扒娱乐,2070588440,42774,57.55,77.09,31932.3,0.0705,2277,0.0073,1.0,0.3232,0.0,0.1927,,1,2022-12-02 13:48:31,0.3361
22,965302744,5毛“早餐奶奶”离世，坚持20多年没涨价，附近村民都不好意思买,1439115,脑子要充电,206037358,9582,150.19,63.65,22611.3,0.0809,3253,0.0061,1.0,0.3709,0.0,0.0636,,1,2023-12-25 22:49:21,0.3324
23,114368150832883,合肥大姐卖10元盒饭，四十多个菜随便吃，坚持十年不涨价。#合肥美食 #人间烟火 #正能量,1206697,曾哥振弟,660013124,54492,22.14,109.16,11054.6,0.0785,2395,0.0104,1.0,0.3599,0.0,0.0342,,1,2025-04-20 11:33:58,0.3285
24,115892864161554,消费降级旋转小火锅反而涨价，现在的小火锅值不值？,4438626,下班威龙,1659154,326853,13.58,971.43,4569.2,0.0058,1062,0.0925,1.0,0.0266,0.0,0.4424,,1,2026-01-15 17:00:00,0.3273
25,889689307,商家怎样涨价才能不被消费者发觉？,1068018,电锯刮腿毛,10099322,227321,4.7,24.56,43486.8,0.0955,673,0.0023,0.9492,0.4379,0.0,0.0167,,1,2021-08-08 03:18:27,0.3273
26,115030213267291,一瓶涨价五毛钱总体少卖7个亿 康师傅500ml冰红茶或将涨至3.5元 管理层回应：并不会将价格往下调,3007613,内蒙古广播电视台,2124847114,20122,149.47,364.63,8248.5,0.0439,13735,0.0347,1.0,0.2013,0.0,0.2617,,1,2025-08-15 09:40:26,0.3268
27,637783181,假如鸡肉涨价了，比矿还值钱！,1328905,太近了老李,1075510044,2162,614.66,35.15,37808.6,0.0769,598,0.0033,1.0,0.3526,0.0,0.0497,,1,2022-04-01 17:35:39,0.3265
28,594412010,为了学生，八旬奶奶卖5角钱早餐，27年不涨价！,4270682,了不起De中国人,404194769,1628670,2.62,110.77,38553.0,0.1556,5441,0.0105,0.5298,0.7134,0.0,0.4212,,1,2022-03-01 17:06:54,0.3204
29,435381429,终于有人骂它了，智能电视是怎么让网友们破防的？,1364976,账号已注销,65194045,2507,544.47,44.25,30848.8,0.0674,5823,0.0042,1.0,0.309,0.0,0.0542,,1,2023-01-16 17:22:22,0.3185
30,965146363,27年不涨价！用退休金贴补卖5角钱早餐的奶奶，去世了,1079144,掌闻视讯,2144464488,75015,14.39,47.66,22640.3,0.0703,3251,0.0045,1.0,0.3223,0.0,0.0181,,1,2023-12-24 17:50:15,0.3176
31,115303631625093,户子：节假日高速千万不能免费，不但不能免费还得涨价！,973818,遇鉴文明,1131461885,22461,43.36,137.36,7089.6,0.068,5713,0.0131,1.0,0.3118,0.0,0.0048,,1,2025-10-02 16:32:23,0.3168
32,650460356,陕西小伙自创10元小吃，6年不涨价，日卖8000元，替兄买车又买房,2260686,小食光光,470990524,186369,12.13,73.27,30856.2,0.0501,1768,0.007,1.0,0.2297,0.0,0.1673,,1,2023-01-16 10:00:00,0.3148
33,832959744,大型纪录片《屌丝饮料涨价》,2269771,云谦纪录片传奇,3546385752263143,44154,51.41,95.04,23882.6,0.0461,6025,0.0091,1.0,0.2114,0.0,0.1685,,1,2023-11-02 23:31:38,0.3118
34,670286260,西安大叔做小吃，一锅300斤3小时卖完，8年不涨价，收徒不收费！,1880738,呼呼美食,431031662,145836,12.9,37.74,49832.3,0.0528,2026,0.0036,1.0,0.2421,0.0,0.1194,,1,2020-11-16 17:50:19,0.3114
35,235406985,《马尿饮料传奇》奉上！康师傅涨价，小瓶冰红茶3块到3块5，大瓶冰红茶从4块到5块，直接变屌丝饮料！,1404335,五六小小馆,287545202,8666,162.05,58.8,23882.0,0.0587,3453,0.0056,1.0,0.2691,0.0,0.0592,,1,2023-11-03 00:09:54,0.3114
36,116294527490939,【第一视角体验】女大进城，涨价前夕，拿下512g＋16g的游戏手机，只需两千多！,1650737,深情女霸150,455317299,111027,14.87,571.26,2889.7,0.0367,193,0.0544,1.0,0.1683,0.0,0.0903,,1,2026-03-26 16:30:07,0.309
37,1005013736,冰红茶涨一块就老实了，初看是段子，再看已成现实，好吧这下我是真老实了,1648030,姜讲纪录片传奇,393469799,54824,30.06,87.33,18871.0,0.0511,3615,0.0083,1.0,0.2343,0.0,0.09,,1,2024-05-29 19:11:05,0.3084
38,114875393117572,《小坤国货》1-3合集 我卖电子垃圾狂赚十个亿，买家们不但不眼红还求着我涨价,3034967,小坤动漫i,392302824,94885,31.99,341.08,8898.1,0.0232,93,0.0325,1.0,0.1064,0.0,0.2651,,1,2025-07-19 08:00:00,0.3075
39,1200228171,买到嘎嘎乐！3块一根的“神仙”雪糕，千万别涨价！,945342,猪小七饿了吗,1874675852,152953,6.18,43.7,21632.6,0.0601,321,0.0042,1.0,0.2756,0.0,0.0012,,1,2024-02-04 17:30:27,0.3065
40,940728585,食堂偷偷涨价，一份宫爆鸡丁竟然卖2毛！工人们不干了！,1120710,迷剧阿菁,630824493,34662,32.33,31.61,35455.4,0.0569,435,0.003,1.0,0.2609,0.0,0.0234,,1,2022-07-08 18:48:58,0.3054
41,114925506662570,只因涨价一元，面馆老板遭斩首，扔垃圾桶，武汉面馆砍头案,3260909,海言说案,3493081143838890,68801,47.4,376.02,8672.2,0.0126,1575,0.0358,1.0,0.0578,0.0,0.2937,,1,2025-07-28 18:00:00,0.3017
42,1556385127,萝卜快跑武汉涨价！已与网约车价格持平！几毛一公里再也没有了！,1000167,小冷说科技,352105231,14005,71.41,57.14,17505.3,0.0521,2419,0.0054,1.0,0.2389,0.0,0.0081,,1,2024-07-25 16:52:44,0.3002
43,587616074,日常｜学校里有款早餐，二十年了从未涨价，只有六毛钱...,2483663,于译舒_哈哈的鱼头,48726171,231475,10.73,53.69,46261.2,0.031,2050,0.0051,1.0,0.1421,0.0,0.1955,,1,2021-04-14 13:00:07,0.2995
44,587914053,资本贪婪成性，腾讯视频会员又涨价，为什么要我们买单？,1166646,蟹蟹学长,521952252,36762,31.74,25.47,45807.9,0.049,4342,0.0024,1.0,0.2247,0.0,0.0292,,1,2021-05-03 10:16:24,0.2986
45,114164089488661,国窖涨价,1002736,啦都踢,3546868021725506,70,14324.8,84.12,11919.7,0.0493,1877,0.008,1.0,0.226,0.0,0.0085,,1,2025-03-15 10:30:13,0.2985
46,687533066,可口可乐为什么又涨价了？【十里堡嗅财】,3940128,虎嗅视频,296399504,348328,11.31,115.26,34184.2,0.0068,2804,0.011,1.0,0.0312,0.0,0.3795,,1,2022-08-30 18:00:00,0.2975
47,1956148881,西格玛羽球人,1032932,羽球纪录片科幻片,3546387564202453,39716,26.01,57.98,17814.0,0.0469,226,0.0055,1.0,0.215,0.0,0.0123,,1,2024-07-12 20:09:49,0.2959
48,502125145,央视报道 央视关注显卡涨价，记者调查，显卡都卖给了矿老板。NVIDIA，七彩虹，微星,2217129,幻景JLC,203394621,1792,1237.24,47.27,46900.4,0.0308,6060,0.0045,1.0,0.1412,0.0,0.1618,,1,2021-03-18 21:46:38,0.2958
49,113842352816663,萤火突击的物价是怎么涨价的,1077581,萤火突击小星星,387228906,13419,80.3,81.12,13283.3,0.0451,382,0.0077,1.0,0.2068,0.0,0.0179,,1,2025-01-17 14:48:54,0.2955
50,935852576,希望显卡涨价，让卖电脑卖魔怔的人继续意气风发,1798264,学员老冯,326371554,475102,3.79,45.58,39453.3,0.1003,7832,0.0043,0.7647,0.4599,0.0,0.1089,,1,2022-01-23 04:51:23,0.2954
51,116077849739691,当你经常吃的店突然涨价时,1247132,神奇张之助,3546659545943004,28553,43.68,327.5,3808.0,0.0346,400,0.0312,1.0,0.1586,0.0,0.0393,,1,2026-02-16 10:07:59,0.295
52,1105379071,这真的是我第一次在会员购里买到的涨价手办！,1050483,青菜萝卜01,499001556,36298,28.94,55.85,18808.6,0.0451,20,0.0053,1.0,0.2068,0.0,0.0145,,1,2024-06-01 09:35:00,0.2944
53,375087512,揭秘！共享充电宝“涨价”背后的套路！,997083,财可夫斯基,274310388,213490,4.67,21.52,46328.8,0.0617,1431,0.002,0.9436,0.2829,0.0,0.0077,,1,2021-04-11 17:21:55,0.2939
54,16421995,3090涨价了！那就自己挫一个！,2809991,数码饱饱君,10781453,80631,34.85,36.93,76087.4,0.0173,505,0.0035,1.0,0.0793,0.0,0.2367,,1,2017-11-18 18:47:32,0.2906
55,116423695276101,饮料且喝且珍惜！原油涨价推高饮料瓶成本 国内多数饮料企业选择“硬扛” 百事却提前放风要涨价,1192806,闪电新闻,701504969,116598,10.23,509.27,2342.2,0.0245,2051,0.0485,1.0,0.1123,0.0,0.0325,,1,2026-04-18 11:58:24,0.2903
56,115564450153503,女子吐槽所有东西都在悄悄涨价，“以前充电宝一个小时1块多，现在一个小时6块”，“麻辣烫里三片土豆3.,983682,洛阳网,1905206817,118437,8.31,164.38,5984.1,0.038,2215,0.0157,1.0,0.1742,0.0,0.006,,1,2025-11-17 18:00:51,0.2901
57,339323420,方便面涨价是自杀还是自救？谁在抛弃康师傅？,2586404,蟹蟹学长,521952252,36762,70.36,66.84,38696.7,0.0174,2660,0.0064,1.0,0.0798,0.0,0.2085,,1,2022-02-23 17:26:27,0.2887
58,306492011,麦当劳，我买不起你了,2620295,下班威龙,1659154,326853,8.02,82.99,31572.4,0.0154,2937,0.0079,1.0,0.0706,0.0,0.2128,,1,2022-12-17 13:46:55,0.2878
59,230289800,100元买童年零食！5毛钱的零食都涨价了，价格翻好几倍？,2596159,阿鱼酱本酱,57729150,304112,8.54,96.3,26959.2,0.0119,28,0.0092,1.0,0.0546,0.0,0.2097,,1,2023-06-27 18:58:56,0.2846
60,667666029,多个奶茶品牌涨价，所以蜜雪冰城也做出了一个艰难的决定……,6317035,蜜雪冰城官方站,48084221,2008174,3.15,114.6,55120.5,0.0586,4779,0.0109,0.6355,0.2687,0.0,0.6797,,1,2020-04-10 09:40:24,0.2839
61,113208912315699,透析患者的续命药膏如何成了皮肤科的网红爆品？,953531,聊医点,26158131,147425,6.47,59.72,15966.1,0.0344,451,0.0057,1.0,0.1577,0.0,0.0022,,1,2024-09-27 20:00:00,0.2835
62,114120351290458,艾米花70买材料自制雪媚娘，妈妈想吃要5元买，还说做熟练涨价,2529074,艾米和她妈妈,1607663688,127337,19.86,208.93,12104.9,0.0055,4,0.0199,1.0,0.0252,0.0,0.2012,,1,2025-03-07 17:14:03,0.2811
63,114424421555614,女子在张家界旅游时在夜市买烧烤  5串烤菜32元 付款时收42元  “老板不给退钱 坐地给茄子涨价”#张家界#烧烤,939977,河南公共频道,486484354,46894,20.04,86.9,10816.2,0.0306,1218,0.0083,1.0,0.1403,0.0,0.0005,,1,2025-04-30 09:58:38,0.2806
64,649656022,日本懵了，美国没办法，十年不涨价的1元打火机如何垄断全球？,1261260,游戏排头兵,1052192667,1915,658.62,40.44,31188.8,0.0275,1723,0.0039,1.0,0.1261,0.0,0.0411,,1,2023-01-02 13:22:43,0.2805
65,115496250972286,2025年最Der饮品店，买的越多价格越贵，当场涨价！实体版大数据杀熟！,2024948,下班威龙,1659154,326853,6.2,322.8,6273.1,0.0054,358,0.0307,1.0,0.0248,0.0,0.1376,,1,2025-11-05 17:04:55,0.2779
66,619150147,蜜雪冰城居然偷偷涨价了,2660607,咖啡苏晓生,646025844,30983,85.87,107.91,24654.9,0.0029,528,0.0103,1.0,0.0133,0.0,0.2179,,1,2023-10-01 19:13:23,0.2775
67,116362844314284,我提着100万现金进山里收购蜂蜜，可在准备装车时遭蜂农集体涨价......,1069342,小虎漫社,669768897,11015,97.08,411.5,2598.7,0.0151,4,0.0392,1.0,0.0692,0.0,0.0169,,1,2026-04-07 19:30:00,0.2773
68,576035284,（关于学校自助餐试图涨价遭大学生集体抵制这件事）,1418123,我是夏一跳同学,618665778,2677,529.74,56.63,25042.3,0.0211,1854,0.0054,1.0,0.0967,0.0,0.0609,,1,2023-09-15 15:50:57,0.2771
69,726656847,你知道挪威一瓶可乐多少钱吗？23块！为什么我们3元一直没涨价？,1733988,猫村猫村,11030184,358217,4.84,47.33,36633.2,0.023,1592,0.0045,0.978,0.1055,0.0,0.1008,,1,2022-05-20 17:00:00,0.277
70,767793292,老干妈也涨价了，互联网竞争激烈营销哑火，内忧外患能否绝地反击,2662238,蟹蟹学长,521952252,36762,72.42,70.49,37767.7,0.0026,517,0.0067,1.0,0.0119,0.0,0.2181,,1,2022-04-03 10:26:49,0.2762
71,115581244145786,整个饮料界难道就我一个想涨价吗！,1332519,爱摄影的老秃驴,473925437,63935,20.84,225.36,5912.9,0.0156,70,0.0215,1.0,0.0715,0.0,0.0501,,1,2025-11-20 17:14:19,0.2758
72,223521849,Steam一游戏国区涨价至4444444.44元！恶心中国玩家？,1280963,老蕉Banous,10999014,123753,10.35,41.97,30519.9,0.0212,1130,0.004,1.0,0.0972,0.0,0.0436,,1,2023-01-30 10:17:03,0.275
73,116124893054820,大弹匣集体涨价居然因为哈德森的免费暗星？【三角洲行动】,936037,木槿CN,29226636,213590,4.38,259.39,3608.7,0.0484,3007,0.0247,0.8854,0.2219,0.0,0.0,,1,2026-02-24 17:29:23,0.2732
74,115490362100552,因为转让费要10万，大姐便在草丛蹲了三天数据，没想到第四天老板直接把转让费涨到20万，并且关店叫货拉拉拖货.....勇哥：”回光返照。“,1021154,是在人间的调查员,3493295315487222,95197,10.73,162.13,6298.2,0.019,1276,0.0154,1.0,0.0871,0.0,0.0108,,1,2025-11-04 16:00:15,0.2731
75,503245940,明明就是个韭菜盒子，结果被大娘简单操作，硬是搞涨价了,2248738,美食栏目,495763617,12831,175.26,49.56,45373.6,0.0052,562,0.0047,1.0,0.0238,0.0,0.1658,,1,2021-05-21 12:36:15,0.2728
76,116205188811702,发改委针对内存涨价进行预测分析，内存涨价的根本原因揭露,1001690,幻隐存储,3493123841853732,46269,21.65,306.48,3268.3,0.0141,4445,0.0292,1.0,0.0646,0.0,0.0083,,1,2026-03-10 21:51:49,0.2725
77,644991605,红米K50即便涨价也要停产，是为了防止出现大批第三代“钉子户”还是为了K50至尊版销量呢？,1275274,派大宝UI,130103648,122037,10.45,37.25,34235.7,0.0186,5478,0.0035,1.0,0.0853,0.0,0.0429,,1,2022-08-28 14:27:38,0.2724
78,705531066,《茶影重重1》冰红茶涨价危机！,1468415,偏执的怪人s,676891190,12915,113.7,61.72,23790.9,0.015,237,0.0059,1.0,0.0688,0.0,0.0673,,1,2023-11-06 19:16:30,0.2722
79,691609141,共享充电宝、共享单车都成了“刺客”？为啥一边涨价还能一边亏钱？,2361282,天机制造局,2125629070,10255,230.26,75.01,31478.5,0.0017,23,0.0071,1.0,0.0078,0.0,0.18,,1,2022-12-21 11:41:28,0.2717
80,113089928300023,河北邯郸老奶奶炸串，1元4串，十几年不涨价,1195787,沂蒙小姚,196857914,23546,50.79,72.59,16472.5,0.0166,885,0.0069,1.0,0.0761,0.0,0.0328,,1,2024-09-06 17:40:59,0.2706
81,969595886,你相信一见钟情么？别说话.吐车上500.爱情涨价了,1001787,放牛娃阿莱,675719246,205,4886.77,19.45,51514.6,0.0197,117,0.0019,1.0,0.0903,0.0,0.0083,,1,2020-09-07 15:30:40,0.2695
82,934773660,三人行小火锅涨价18元，水果香蕉、橘子随便吃，大家感觉值不值？,1569751,农村三人行,1101057244,320623,4.9,38.88,40377.2,0.0142,731,0.0037,0.9892,0.0651,0.0,0.0801,,1,2021-12-15 17:00:14,0.2694
83,113530615503377,明星卖的零食，“含泪”涨价38%，给我整笑了！,1556064,猪小七饿了吗,1874675852,152953,10.17,106.55,14604.7,0.0093,111,0.0101,1.0,0.0426,0.0,0.0783,,1,2024-11-23 13:29:39,0.2694
84,790524672,作为FMCG老营销人分析：康师傅涨价另有玄机,1905274,千剑pro,98676136,39308,48.47,79.99,23817.8,0.0049,467,0.0076,1.0,0.0225,0.0,0.1225,,1,2023-11-05 16:23:40,0.269
85,113763835448105,等等党大失败！小红车永久涨价！壁纸引擎Wallpaper Engine,1071805,游戏玩家三井,23764704,115031,9.32,78.72,13616.2,0.016,5681,0.0075,1.0,0.0734,0.0,0.0172,,1,2025-01-03 18:00:27,0.2686
86,594340779,奶茶的泡沫，终于要破了,2848346,圈内师老师,534964283,645462,4.41,73.7,38647.3,0.021,3319,0.007,0.8916,0.0963,0.0,0.2416,,1,2022-02-25 18:50:42,0.2684
87,424383566,活久见！Steam上一垃圾游戏突然涨价至100万人民币！,1026315,老蕉Banous,10999014,123753,8.29,26.65,38507.8,0.0159,437,0.0025,1.0,0.0729,0.0,0.0114,,1,2022-03-03 14:20:29,0.2665
88,231582202,一瓶3块，年入30亿！中国最“土”饮料，靠拿捏男人逆袭【尖叫科技】,1789230,尖叫科技,3461573062429458,2840,630.01,68.31,26191.2,0.004,1203,0.0065,1.0,0.0183,0.0,0.1078,,1,2023-07-29 19:00:00,0.2664
89,113117191213453,虚假的奸商涨价百倍，真实的奸商涨5毛！TGC卡牌店模拟器,1250169,超稽阿威2,300563393,89733,13.93,76.79,16280.1,0.0101,10,0.0073,1.0,0.0463,0.0,0.0397,,1,2024-09-14 18:05:00,0.2654
90,508522384,“没有一袋砂糖橘能过夜”冲上热搜！跌价十年的它会涨价吗？,2257979,科学大魔王,647940953,471009,4.79,57.42,39327.2,0.0047,492,0.0055,0.9686,0.0215,0.0,0.167,,1,2022-01-28 11:00:02,0.2648
91,283879460,可乐冰红茶排队涨价，我们距离失去饮料自由还有多远？,2312942,冷叔笔记,1685746281,488288,4.74,105.05,22017.4,0.0051,1080,0.01,0.957,0.0234,0.0,0.1739,,1,2024-01-19 16:49:13,0.2643
92,1201256344,【24年3月】配件涨价 无奈啊 | 装机配置推荐 | 共30套,1018043,玩机社TechFun,67944065,70290,14.48,48.78,20870.2,0.0122,1260,0.0046,1.0,0.0559,0.0,0.0104,,1,2024-03-07 12:00:00,0.2636
93,373767886,女网红8块钱吃海底捞，迷惑行为引热议：怪不得最近小料涨价了,1013469,账号已注销,90108638,20753,48.83,21.05,48154.4,0.0127,1894,0.002,1.0,0.0582,0.0,0.0098,,1,2021-01-25 15:44:27,0.2632
94,114191973289981,你前夫挺厉害给你干涨价了,1017801,耶子酥suger,1271909227,5909,172.25,86.24,11801.4,0.0102,1049,0.0082,1.0,0.0468,0.0,0.0104,,1,2025-03-20 08:45:18,0.2629
95,114659604567786,我的盗版画居然涨价到2块钱了,4958952,我是超人cr,652096797,1952682,2.54,505.03,9819.2,0.0738,2105,0.0481,0.5131,0.3384,0.0,0.5082,,1,2025-06-10 22:56:03,0.2612
96,350029625,塔斯汀汉堡，前段时间你是买了多少推广啊？,1514613,下班威龙,1659154,326853,4.63,48.87,30993.6,0.0195,4197,0.0047,0.9362,0.0894,0.0,0.0731,,1,2023-01-10 16:37:48,0.2606
97,339131902,广东糖果师听劝，加500块抹茶粉，涨价20元，顾客多买1斤都被阻止,1352982,阿三最爱吃,408389806,2721,497.24,34.85,38819.4,0.0019,9,0.0033,1.0,0.0087,0.0,0.0527,,1,2022-02-18 14:47:18,0.258
98,37594268,怪不得榨菜涨价,1104138,谁偷了我的帅气,389285883,24,46005.75,16.51,66878.4,0.0057,120,0.0016,1.0,0.0261,0.0,0.0213,,1,2018-12-07 11:43:56,0.2578
99,114301679436015,月薪两万，打不起羽毛球,1060082,毒sir财经,95717110,916,1157.29,93.51,11336.4,0.0035,11,0.0089,1.0,0.016,0.0,0.0157,,1,2025-04-08 17:44:47,0.2575
100,818976526,冰露为什么不涨价？只卖一块钱的良心矿泉水，真的不会亏本吗？,947273,小G杂谈,1216636697,33587,28.2,30.06,31518.0,0.007,659,0.0029,1.0,0.0321,0.0,0.0014,,1,2022-12-19 20:10:31,0.2574
101,1905155953,4元是国窖，5元是马尿,1017390,地瓜烧刀子,519163710,130,7826.08,53.98,18846.8,0.0019,1,0.0051,1.0,0.0087,0.0,0.0103,,1,2024-05-30 19:18:55,0.2543
102,115569550434181,问你玩什么游戏，你说你玩Steam？直播切片第一期,1729544,香蕉丸子加番茄,26100279,445130,3.89,290.07,5962.5,0.0417,5636,0.0276,0.785,0.1912,0.0,0.1003,,1,2025-11-18 15:40:11,0.2528
103,1205183222,周杰伦办演唱会，福州酒店涨价500元？,1042708,逆天汇总站,1114758083,257240,4.05,55.04,18945.9,0.0406,1257,0.0052,0.819,0.1862,0.0,0.0135,,1,2024-05-26 16:17:15,0.2449
104,887521172,中国最硬核央企，竟被吃瓜群众狂喷技术垃圾，就凭几十年不涨价的电费我必须挺你,1405847,大又元,149309196,494125,2.85,30.39,46254.2,0.1014,7351,0.0029,0.5748,0.4649,0.0,0.0594,,1,2021-04-14 19:58:42,0.2435
105,768246607,我们又做了一个决定！,4671209,蜜雪冰城官方站,48084221,2008174,2.33,124.51,37517.8,0.078,5937,0.0119,0.47,0.3576,0.0,0.4718,,1,2022-04-13 20:19:30,0.2398
106,115098681217682,开战涨价五十倍？国家不买给对面？军神撇手雷扔出1500米？【鉴定网络军事言论】,2299045,装甲车Machinegun,650899373,875558,2.63,289.07,7953.1,0.0852,14966,0.0275,0.5305,0.3906,0.0,0.1722,,1,2025-08-27 17:00:00,0.2362
107,1105553061,雪莲也涨价了？！2024新品网红雪糕大摸底！！,8158672,穿毛裤的小拉泽,478691043,4144482,1.97,441.84,18465.4,0.0253,1537,0.0421,0.3977,0.116,0.0,0.9123,,1,2024-06-15 16:50:00,0.2265
108,116737479608304,涨价后的咖喱鸡套餐，性价比依旧拉满这一块,1341275,印度老吃家,1582757648,599329,2.24,1325.18,1012.1,0.0484,1015,0.1262,0.4522,0.2219,0.1667,0.0512,,1,2026-06-12 22:00:47,0.2254
109,1954287728,【申公豹】我们从大基建时代，进入了大维修时代,1288811,堵钱眼的申公豹,1079111904,570699,2.26,66.67,19331.0,0.109,6065,0.0063,0.4563,0.4998,0.0,0.0446,,1,2024-05-10 15:08:51,0.2204
110,1405297578,医者正心酸梅汤2.0版，请允许我涨价1块钱,2346813,医者正心,2142394537,1665970,1.41,125.16,18750.0,0.1234,1946,0.0119,0.2846,0.5658,0.0,0.1782,,1,2024-06-03 20:08:11,0.2057
111,678733600,某显卡公司：“顾客愿意接受涨价”？揭露2021显卡价格暴涨内幕！,2574764,远古时代装机猿,35359510,3609211,0.71,65.63,39230.7,0.1565,5766,0.0063,0.1441,0.7176,0.0,0.207,,1,2022-02-01 11:30:03,0.2021
112,114789158229082,柠檬变贵族果，曾经一斤1块1现在200一箱没货提！荔枝：我酸了！,1685638,科学大魔王,647940953,471009,3.58,181.83,9270.2,0.006,263,0.0173,0.7231,0.0275,0.0,0.0947,,1,2025-07-03 19:55:20,0.2009
113,580254778,怀念！27年不涨价，用退休金贴补卖5角钱的早餐奶奶去世了,1145536,四川观察,487614876,1072555,1.07,50.64,22621.1,0.1549,3963,0.0048,0.2158,0.7102,0.0,0.0265,,1,2023-12-25 13:04:03,0.2001
114,900067121,【飘飘】杨迪甘愿7年不涨价，这高分穷综千万别停,2239906,柳飘飘了吗,646456240,907241,2.47,65.62,34136.1,0.0532,1635,0.0062,0.4988,0.2439,0.0,0.1647,,1,2022-09-01 18:05:00,0.1918
115,116256829083915,伊朗封锁海峡，美国很可能也“获利”,1877541,荷包兔时间,490265189,721137,2.6,618.02,3038.0,0.031,5356,0.0589,0.526,0.1421,0.0,0.1189,,1,2026-03-20 12:10:00,0.1895
116,1905363562,【申公豹】穷人三件套涨价，普通人的生活何去何从？,1125054,堵钱眼的申公豹,1079111904,570699,1.97,59.77,18823.5,0.0887,5168,0.0057,0.3983,0.4067,0.0,0.0239,,1,2024-05-31 18:36:36,0.185
117,1305949628,黄牛跑路，股价暴跌，市值一天蒸发630亿！茅台开始吹不动了？,3899737,财经不眠姐,531131239,1687698,2.31,213.17,18294.4,0.0252,6945,0.0203,0.4669,0.1155,0.0,0.3744,,1,2024-06-22 19:44:49,0.1833
118,89460793,【半佛】不涨价的小米，没有未来,3345789,硬核的半佛仙人,37663924,7718038,0.43,59.32,56405.9,0.1334,18703,0.0056,0.0876,0.6116,0.0,0.3044,,1,2020-02-16 20:18:56,0.1764
119,116181516229621,腐朽涨价，电力死局！缺电正在绞杀美国的未来？,1891916,星辰趣味屋,212345699,1561336,1.21,561.78,3367.7,0.0919,4610,0.0535,0.2448,0.4214,0.0,0.1208,,1,2026-03-06 18:25:59,0.1736
120,1356474777,机票多搜几次，真的会涨价吗？,1361604,这不过分啊,40471088,509700,2.67,79.22,17188.6,0.0295,1252,0.0075,0.5397,0.1353,0.0,0.0538,,1,2024-08-07 21:31:07,0.1696
121,116645842393781,2026年618笔记本电脑选购指南，涨疯了！,1820814,笔吧评测室,367877,2736910,0.67,1300.22,1400.4,0.0627,23435,0.1238,0.1344,0.2875,0.1667,0.1118,,1,2026-05-27 17:45:48,0.1644
122,289021090,生活在通货膨胀的国家是一种什么样的体验？,1558984,动动枪DongDongGun,490494088,1609326,0.97,32.55,47889.1,0.1161,4487,0.0031,0.1957,0.5323,0.0,0.0787,,1,2021-02-05 17:05:13,0.1642
123,1555724648,揭露欧洲炸鸡快餐，后厨脏乱差、套餐涨价黑暗内幕,1497298,丧钟克里斯,58226849,541208,2.77,80.5,18599.7,0.0107,450,0.0077,0.559,0.0491,0.0,0.0709,,1,2024-06-10 02:29:35,0.1589
124,551577226,星巴克事件出现反转？中国人又要反思？,1338235,树根龙门阵,99336697,1222392,1.09,34.45,38840.4,0.1046,8146,0.0033,0.2212,0.4796,0.0,0.0508,,1,2022-02-17 17:48:54,0.1573
125,1051857815,【3月显卡推荐02】紧急更新！这些跟风涨价的显卡型号慎买！,1000218,BR店长,96153951,361392,2.77,48.44,20648.2,0.0163,1880,0.0046,0.5592,0.0747,0.0,0.0081,,1,2024-03-16 18:00:00,0.1569
126,1804799702,康师傅开启涨价第一枪？桶装方便面进入5元时代！,1337897,冷叔笔记,1685746281,488288,2.74,70.26,19041.3,0.008,1997,0.0067,0.5536,0.0367,0.0,0.0508,,1,2024-05-22 16:47:58,0.1528
127,522764003,可乐这么赚钱，为啥一直不涨价？,1982903,大瑞真机灵,28760071,755249,2.63,64.78,30608.2,0.0039,68,0.0062,0.5305,0.0179,0.0,0.1323,,1,2023-01-26 18:00:00,0.1513
128,471228894,原材料涨价，工业国大量逆差，全球经济恶化到什么程度了？【懂点儿啥】,2187828,肝帝董佳宁,397490386,1711948,1.28,62.37,35079.7,0.0714,4942,0.0059,0.2582,0.3274,0.0,0.1581,,1,2022-07-24 10:30:00,0.1476
129,744012811,一斤烧麦120块？内蒙老板：“小本生意，不敢涨价。”,4238296,盗月社食遇记,99157282,8413366,0.5,161.81,26192.8,0.0822,7922,0.0154,0.1018,0.3769,0.0,0.4171,,1,2023-07-29 17:21:17,0.1472
130,961651223,假如pvz全世界报纸都涨价,1776619,陈君un,1834271846,914015,1.94,72.05,24659.2,0.0365,1498,0.0069,0.3927,0.1674,0.0,0.1062,,1,2023-10-01 14:55:41,0.1443
131,1305395247,冰红茶我们永别了，4块钱你是琼脂玉露，5块钱你啥也不是,1048832,蛋解杂谈,3493140174473954,450818,2.33,55.93,18751.9,0.0255,1212,0.0053,0.47,0.1169,0.0,0.0143,,1,2024-06-03 18:14:26,0.1439
132,114199942398066,从30吃饱50吃好，到人均上百元！吃火锅为什么越来越贵？,3075320,财经不眠姐,531131239,1687698,1.82,261.34,11767.6,0.0145,3059,0.0249,0.3682,0.0665,0.0,0.2702,,1,2025-03-21 18:30:13,0.1398
133,116401851337341,我胜利了你的胜利，万税爷宣布封锁霍尔木兹海峡,2261382,麻薯波比呀,703186600,3404903,0.66,929.67,2432.5,0.067,4804,0.0885,0.1342,0.3072,0.0,0.1674,,1,2026-04-14 17:42:15,0.1383
134,63957101,上海炸串阿姨：谁敢涨价我就不干了！赚个屁钱！！【深夜加餐饭06】,3555495,盗月社食遇记,99157282,8413366,0.42,58.46,60824.2,0.0889,4071,0.0056,0.0854,0.4076,0.0,0.3309,,1,2019-08-16 18:00:17,0.1376
135,113259160015092,懂王震怒，坠机涨价，美国神器F35零件图纸为啥发给了中国？,1982109,星辰趣味屋,212345699,1561336,1.27,125.96,15735.6,0.0615,2117,0.012,0.2565,0.282,0.0,0.1322,,1,2024-10-07 10:30:00,0.1373
136,115264909744141,韩国女校食堂6000元自助午饭长啥样？（食堂涨价了~！）,1379508,理查不会降落,101682188,1577886,0.87,190.18,7253.8,0.0883,1035,0.0181,0.1766,0.4049,0.0,0.056,,1,2025-09-25 20:23:48,0.1362
137,681171872,电影票能不能别涨价了？观众都跑完了！,1172967,圈内师老师,534964283,645462,1.82,29.94,39177.3,0.0429,5191,0.0029,0.3672,0.1967,0.0,0.03,,1,2022-02-03 16:53:19,0.135
138,116492733515750,最高涨价2000元！国产手机，为什么越来越贵？,960862,财经不眠姐,531131239,1687698,0.57,504.6,1904.2,0.0704,6560,0.0481,0.115,0.3228,0.1667,0.0032,,1,2026-05-06 18:00:00,0.133
139,391539525,时隔整整6年！这款永久涨价2次的神作居然能再次新史低？！【Steam冬季特卖史低游戏推荐】12.23-1.6,1882101,初夏ChuXXia,4186021,1438250,1.31,59.87,31435.2,0.057,2403,0.0057,0.2644,0.2613,0.0,0.1195,,1,2022-12-23 06:56:48,0.132
140,447495290,公共桩充电费暴涨87%！开电车省钱的时代结束了？,2175836,赛雷话车,151482404,1830878,1.19,84.6,25720.1,0.0578,9851,0.0081,0.2401,0.265,0.0,0.1566,,1,2023-08-18 10:07:31,0.1311
141,875693196,刚被捧红就涨价，冰红茶是不是太急了？,2819632,老烟斗官方,14781644,2276520,1.24,118.98,23698.3,0.0401,8719,0.0113,0.2502,0.1839,0.0,0.2379,,1,2023-11-10 15:49:04,0.1265
142,1406445219,房租涨价了 刚交了85000！房东都没想到我们能干这么久,1172231,某天的游戏小屋,44128829,737135,1.59,67.72,17311.2,0.0443,1765,0.0064,0.3213,0.2031,0.0,0.0299,,1,2024-08-02 19:00:00,0.1259
143,116532025759983,北京昌平北京一111平方米次新二手房488万成交，3天后卖家反悔，宁赔违约金也要涨价近70万重卖，挂牌价556万元！,1775568,大象新闻,522653994,1800197,0.99,942.98,1882.9,0.0132,786,0.0898,0.1993,0.0605,0.1667,0.1061,,1,2026-05-07 15:12:56,0.1245
144,931868238,只要一毛钱一串的串串店，老板居然二十年不涨价！,2466426,女胖胖,414641554,1800229,1.37,56.27,43832.1,0.0362,976,0.0054,0.2768,0.166,0.0,0.1933,,1,2021-07-24 18:03:00,0.1233
145,496663717,第五次涨价，平价饮料会消失吗？【雪鸡观察局246】,2116729,动动枪DongDongGun,490494088,1609326,1.32,96.56,21922.1,0.0423,9286,0.0092,0.2657,0.1939,0.0,0.1492,,1,2024-01-23 16:01:08,0.1229
146,313314431,显卡涨价、降价的背后，英伟达到底是家什么公司？？,1560190,远古时代装机猿,35359510,3609211,0.43,55.36,28182.8,0.0982,6272,0.0053,0.0873,0.4503,0.0,0.0789,,1,2023-05-07 19:19:07,0.1214
147,47198838,1050日元一碗生鱼盖饭，开店38年都没涨价？男子吃一口后竟…,2472976,孤独的美食基,4474705,3467967,0.71,38.46,64304.1,0.0691,2984,0.0037,0.1441,0.3168,0.0,0.1942,,1,2019-03-24 18:00:51,0.1199
148,114742383349388,当泡泡玛特疯狂涨价时，上一个潮玩顶流已经价格崩盘、无人问津了,1057862,BB姬Studio,96575424,627203,1.69,111.77,9464.7,0.0299,4291,0.0106,0.3408,0.1371,0.0,0.0154,,1,2025-06-25 17:30:00,0.1173
149,857798712,柠檬水大涨价背后，印度人直呼“栓Q”,1282803,赛雷话车,151482404,1830878,0.7,37.84,33902.2,0.0827,1066,0.0036,0.1416,0.3792,0.0,0.0438,,1,2022-09-11 12:00:00,0.1167
150,382994145,涨价救不了中国的视频网站，只有放弃独播才行【雪鸡研究院01】,1234567,动动枪DongDongGun,490494088,1609326,0.77,32.76,37688.2,0.0752,8017,0.0031,0.155,0.3448,0.0,0.0377,,1,2022-04-06 17:58:37,0.1124
151,643327068,260斤壮汉，吃自助盒饭第13天，老板通知我说过两天要涨价 那今天就多吃点,1132947,胖虎老刘,46825573,550964,2.06,32.06,35337.3,0.0037,132,0.0031,0.4155,0.017,0.0,0.0249,,1,2022-07-13 16:51:00,0.1107
152,114273359563011,1年吃掉300亿只，3年涨价2倍！鸡爪为啥越来越贵了？,2364712,财经不眠姐,531131239,1687698,1.4,206.41,11456.4,0.0157,1691,0.0197,0.2831,0.072,0.0,0.1805,,1,2025-04-03 17:50:47,0.1091
153,116034681967073,提振经济，要靠水电燃气涨价？,941810,章北海official,570064,2053652,0.46,235.99,3990.9,0.0843,5986,0.0225,0.0927,0.3865,0.0,0.0008,,1,2026-02-08 19:17:26,0.1073
154,116328333574250,存储越来越贵？一场被精心设计的涨价游戏,1403073,柳行长,23326926,1561682,0.9,510.9,2746.3,0.0451,6188,0.0487,0.1815,0.2068,0.0,0.059,,1,2026-04-01 15:51:22,0.1072
155,67434554,肉都涨价，大sao去自助吃过瘾，海鲜配五花肉，媳妇拿的供不上吃,2833421,徐大sao,390461123,3314237,0.85,47.09,60175.6,0.0421,2409,0.0045,0.1727,0.193,0.0,0.2397,,1,2019-09-12 18:30:33,0.1071
156,1805467462,谁给了迪士尼涨价的勇气？谁叫有人越贵越想去,1657593,曹小灵比比叨,298753342,1384905,1.2,88.47,18735.2,0.0378,5055,0.0084,0.2418,0.1733,0.0,0.0912,,1,2024-06-04 11:00:00,0.1068
157,431891576,最离谱折扣！这游戏永久涨价后还能新史低？！【Steam万圣节特惠史低游戏推荐】2022.10.26,1384368,初夏ChuXXia,4186021,1438250,0.96,42.17,32827.4,0.056,1860,0.004,0.1945,0.2568,0.0,0.0567,,1,2022-10-26 06:49:46,0.1068
158,871149563,抽好烟的越来越少，是什么改变了3亿烟民的习惯？,1056585,蓝白argentina,432597324,915974,1.15,40.01,26406.7,0.0497,4288,0.0038,0.2331,0.2279,0.0,0.0153,,1,2023-07-20 19:25:20,0.1065
159,1352100147,178元必胜客自助，一个人吃了1246.6元，今年又涨价了，不推荐去吃。内含超长完整版,2229472,橙飞一下,8263502,2489226,0.9,109.13,20430.3,0.0453,3856,0.0104,0.181,0.2077,0.0,0.1634,,1,2024-03-25 19:50:28,0.1062
160,115767387424498,涨价5毛钱，少卖7个亿！康师傅冰红茶，正在抛弃“穷鬼”？,1869445,财经不眠姐,531131239,1687698,1.11,365.04,5121.1,0.0303,5443,0.0348,0.2238,0.1389,0.0,0.1179,,1,2025-12-23 17:00:00,0.106
161,1203104333,拆开一块钱的打火机，我们发现了它20年不涨价的秘密,1012968,人民日报,1131457022,18628951,0.05,50.78,19949.8,0.108,1434,0.0048,0.011,0.4952,0.0,0.0097,,1,2024-04-14 20:22:30,0.1042
162,919396693,偷看剧本：美国铅中毒疗法已涨价九倍，专家夸涨得好,1254484,波士顿圆脸,346563107,5555090,0.23,54.43,23047.4,0.0934,4816,0.0052,0.0456,0.4282,0.0,0.0403,,1,2023-12-07 18:44:53,0.1026
163,116667602441916,朱之文回应10万3首歌坚持不涨价：该挣的挣 不该挣的不挣，助理曾透露：报价公开透明，扣除税费后 实际到手没那么多,1045367,大象新闻,522653994,1800197,0.58,798.98,1308.4,0.0258,1115,0.0761,0.1173,0.1183,0.1667,0.0138,,1,2026-05-31 13:49:40,0.1022
164,115099100514462,中国，现在非常缺驴,2027832,赛雷三分钟,26108626,3486200,0.58,254.87,7956.5,0.056,9779,0.0243,0.1175,0.2568,0.0,0.1379,,1,2025-08-27 13:41:25,0.1018
165,359812678,【JUMP】只要蜜雪冰城不涨价，我们永远都是好朋友,1132182,暴躁的仙人JUMP,651039864,2256376,0.5,43.91,25784.3,0.0695,3212,0.0042,0.1014,0.3187,0.0,0.0248,,1,2023-08-15 17:54:41,0.0928
166,432536709,植物大战僵尸：紫卡植物大涨价，机枪需要9999阳光,935824,方块大背头,472287931,561465,1.67,28.92,32361.1,0.0058,145,0.0028,0.3368,0.0266,0.0,0.0,,1,2022-11-14 17:05:51,0.0903
167,799688165,大秦帝王对话（3）：秦始皇暴毙买咸鱼掩盖尸臭，导致咸鱼涨价,1047425,胥渡吧,8112659,1064061,0.98,22.34,46879.8,0.04,1217,0.0021,0.1989,0.1834,0.0,0.0141,,1,2021-03-19 18:21:07,0.0884
168,890202385,广州“最便宜的糖水”，全部只要3元，18块钱点了一桌子，20多年只涨价1.5元，街坊都想帮衬他家,1233030,肉肉大搜索,207346018,2826600,0.44,28.71,42944.9,0.0656,2645,0.0027,0.0881,0.3008,0.0,0.0375,,1,2021-08-30 17:15:58,0.0868
169,470048792,0元的假币如何对抗涨价170倍的卫生纸？,1012630,波士顿圆脸,346563107,5555090,0.18,28.12,36007.2,0.0827,1561,0.0027,0.0368,0.3792,0.0,0.0097,,1,2022-06-15 19:00:25,0.0868
170,705219392,「干掉了」钟薛高，冰淇淋行业迎来了大涨价，魔幻不？,1487074,曹小灵比比叨,298753342,1384905,1.07,61.88,24032.9,0.0242,3128,0.0059,0.2169,0.111,0.0,0.0696,,1,2023-10-27 17:15:00,0.0852
171,116316438598876,【断网补全计划128】张雪峰离世，没白活，周婕纶，奥赛级微笑，天津消防，罗技翻车，海贼火影重置，签约AI演员，sora2关停，内存条降价，二手手机涨价,935821,瞎问虾猜丶,646732586,2120376,0.44,335.16,2792.2,0.0577,1177,0.0319,0.0892,0.2646,0.0,0.0,,1,2026-03-30 18:00:00,0.0848
172,1850322314,价格暴涨10多倍还没货！尿素是如何影响世界的？,1163878,赛雷三分钟,26108626,3486200,0.33,53.85,21614.3,0.0689,1818,0.0051,0.0675,0.3159,0.0,0.0288,,1,2024-02-05 11:52:22,0.0845
173,114166304087379,霸者重装还是太超标了，直接大涨价，以前卖便宜了,1636698,磊哥游戏,268941858,3185640,0.51,137.42,11910.2,0.049,2607,0.0131,0.1038,0.2247,0.0,0.0885,,1,2025-03-15 19:54:58,0.0837
174,1002881466,涨价过后，把2024年的麦当劳都点一遍，有啥不一样？要多少钱？,1143436,哇塞几张,485704862,2121078,0.54,56.83,20121.2,0.0567,1159,0.0054,0.1089,0.26,0.0,0.0262,,1,2024-04-07 17:01:20,0.0835
175,535431434,【半佛】冰红茶茉莉蜜茶涨价，青春完蛋辣,1388764,硬核的半佛仙人,37663924,7718038,0.18,58.25,23840.8,0.0709,2574,0.0055,0.0364,0.3251,0.0,0.0572,,1,2023-11-04 17:21:17,0.0815
176,115945410396506,赛博金条？内存涨价后的游戏玩家该如何选择显卡？,1028713,邪神_Karasu_,91542133,2406989,0.43,236.15,4356.1,0.0564,340,0.0225,0.0863,0.2586,0.0,0.0117,,1,2026-01-24 14:00:00,0.0812
177,115785036988669,涨价16次，4年少卖2万吨！榨菜为什么越来越贵？,1313214,财经不眠姐,531131239,1687698,0.78,260.09,5049.1,0.0296,2932,0.0248,0.1572,0.1357,0.0,0.0477,,1,2025-12-26 17:05:17,0.0786
178,968005507,“黑人抬棺”老哥：疫情结束后我们会涨价哦！,1877917,观察者网,10330740,7285891,0.26,34.42,54563.5,0.0571,3688,0.0033,0.0521,0.2618,0.0,0.119,,1,2020-05-03 14:38:18,0.0783
179,114351843446851,全沈阳最贵老式麻辣烫，一直在疯狂涨价,1222912,转生成为毛毛,1563385862,1231997,0.99,109.96,11121.2,0.0225,1562,0.0105,0.2005,0.1032,0.0,0.0363,,1,2025-04-17 17:00:00,0.0775
180,757736492,【私家观察】可口可乐涨价你怎么看？,1018683,艺能人金广发,38157763,1936942,0.53,22.1,46094.7,0.0532,717,0.0021,0.1063,0.2439,0.0,0.0105,,1,2021-04-21 11:30:12,0.077
181,972651559,可口可乐涨价背后，爷的青春结束了？【快评】,1311758,动动枪DongDongGun,490494088,1609326,0.82,28.51,46015.5,0.0329,2457,0.0027,0.1647,0.1508,0.0,0.0475,,1,2021-04-24 18:40:37,0.0769
182,398877010,可口可乐再次涨价，这次告别3.5元时代【雪鸡观察局177】,1069856,动动枪DongDongGun,490494088,1609326,0.66,38.51,27777.7,0.043,6983,0.0037,0.1343,0.1972,0.0,0.0169,,1,2023-05-24 16:30:00,0.0758
183,947075125,麦当劳穷鬼套餐随心配1+1即将涨价，趁着没涨价，再吃五份疯狂一下,1489716,橙飞一下,8263502,2489226,0.6,47.74,31207.7,0.0401,2787,0.0045,0.1209,0.1839,0.0,0.07,,1,2023-01-01 18:30:00,0.0754
184,115874996492816,麦当劳汉堡一边缩水一边涨价？网友吐槽汉堡和马卡龙差不多大，客服回应：已记录相关问题,1222480,大象新闻,522653994,1800197,0.68,261.89,4667.9,0.0322,2496,0.0249,0.1372,0.1476,0.0,0.0362,,1,2026-01-11 14:18:19,0.0749
185,737972541,鸭子涨价，鸭店暴跌？绝味周黑鸭生死时刻，中国卤味大乱斗【暗中观察282】IC实验室,1490717,IC实验室,486287787,2746982,0.54,50.15,29726.6,0.041,4378,0.0048,0.1096,0.188,0.0,0.0701,,1,2023-03-04 11:35:00,0.0734
186,114940622932571,【建议收藏】手机涨价后该怎么选？2025年8月暑期手机推荐！覆盖1500~6000价位不同需求！,961971,搞机所,178690106,2544495,0.38,111.76,8607.2,0.0542,4640,0.0106,0.0764,0.2485,0.0,0.0033,,1,2025-07-31 11:00:00,0.0723
187,1000021274,刚吃完就涨价！天津新开业铜锅涮肉自助，鲜切牛羊肉、大生蚝、车厘子、和牛不限量,939618,橙飞一下,8263502,2489226,0.38,43.44,21631.4,0.0556,2095,0.0041,0.0763,0.2549,0.0,0.0005,,1,2024-02-04 18:45:00,0.0713
188,669406025,广东1元早茶店，开店20多年仅涨价3毛到1块，5岁街坊小哥从小吃到大,1071523,肉肉大搜索,207346018,2826600,0.38,20.71,51728.4,0.0505,1446,0.002,0.0766,0.2315,0.0,0.0171,,1,2020-08-29 17:45:54,0.0678
189,115677579052358,2025内存价格暴涨，史上排第几？何时降价？,1187953,远古时代装机猿,35359510,3609211,0.33,215.81,5504.6,0.0454,6565,0.0206,0.0665,0.2082,0.0,0.0318,,1,2025-12-07 17:31:39,0.0676
190,1956694232,热成像涨价是机遇还是,1028879,梦求真暗区突围,86881329,1171464,0.88,61.27,16791.5,0.0221,236,0.0058,0.1774,0.1013,0.0,0.0118,,1,2024-08-24 10:41:20,0.0676
191,204779801,重庆“规矩最多”的牛肉，1个人不喝3瓶酒水就不卖，十几年不涨价只靠饮料挣钱,1755446,肉肉大搜索,207346018,2826600,0.62,37.62,46663.6,0.0267,3001,0.0036,0.1255,0.1224,0.0,0.1035,,1,2021-03-28 18:34:39,0.0673
192,116357408491329,天津378元蒸汽海鲜自助，升级涨价200元，完全不值这个价。,1041014,橙飞一下,8263502,2489226,0.42,396.86,2623.2,0.0343,2172,0.0378,0.0845,0.1573,0.0,0.0133,,1,2026-04-06 19:02:13,0.0652
193,1856542278,联想拯救者R9000P 2024翻新评测：换屏，涨价,1353686,笔吧评测室,367877,2736910,0.49,80.54,16808.2,0.034,4267,0.0077,0.0999,0.1559,0.0,0.0528,,1,2024-08-23 18:00:00,0.0637
194,450576435,一年少卖4万吨！曾经风靡全国的卫龙辣条，为什么吃的人越来越少了？,993890,财经不眠姐,531131239,1687698,0.59,41.77,23792.2,0.0342,5158,0.004,0.119,0.1568,0.0,0.0073,,1,2023-11-06 17:55:45,0.063
195,114351306442898,市场僵尸来了，植物通通涨价！,1486954,潜艇伟伟迷,97213827,5097169,0.29,133.66,11124.5,0.0397,1576,0.0127,0.0589,0.182,0.0,0.0696,,1,2025-04-17 13:37:37,0.0619
196,115213554816301,胖龙今天很高兴，买的金条涨价了，做一锅筋头巴脑，美美吃一顿,1319990,胖龙的小生活,649661652,2325381,0.57,176.68,7471.2,0.0211,520,0.0168,0.1147,0.0967,0.0,0.0485,,1,2025-09-16 18:53:59,0.0579
197,114543824998313,卡片涨价的魔力！,963313,潜艇伟伟迷,97213827,5097169,0.19,93.43,10310.0,0.0489,658,0.0089,0.0382,0.2242,0.0,0.0035,,1,2025-05-21 12:08:53,0.0574
198,356081518,快乐水可能涨价？来看看这和苏丹内乱有什么关系,985477,思维实验室,14583962,8296126,0.12,35.14,28041.2,0.0505,1152,0.0033,0.024,0.2315,0.0,0.0063,,1,2023-05-13 17:00:00,0.0539
199,115501116168247,“固体杨枝甘露”走红，外卖平台上到手价25-40元不等,962029,大象新闻,522653994,1800197,0.53,153.86,6252.6,0.022,456,0.0147,0.108,0.1009,0.0,0.0033,,1,2025-11-06 13:34:29,0.0519
200,114692706017173,【36氪】停产的撕拉片，涨价的拍立得，我们为何开始集体怀旧？,991617,36氪,90183256,2529960,0.39,102.45,9679.1,0.0057,118,0.0098,0.0792,0.0261,0.0,0.007,,1,2025-06-16 19:07:33,0.0287
