排名,note_id,分享链接,标题,互动量,作者,作者UID,点赞数,收藏数,评论数,标签,收藏率,互动密度,评论率,收藏得分,互动得分,评论得分,笔记年龄(小时),发布时间,价值综合评分
1,683c7739000000000c03b177,https://www.xiaohongshu.com/explore/683c7739000000000c03b177,这个博主真的说到我心坎里去了！！！,35524,Mg。,6792506f0000000007003dd5,18279,17025,220,"希望大家认真看,并且有自己的见解,讨论,深度思考,观点分享,职业价值观,作者",0.9314,0.4793,0.012,1.0,1.0,0.0124,10071.04,2025-06-01 00:00:00,0.7037
2,69afd2950000000022022b57,https://www.xiaohongshu.com/explore/69afd2950000000022022b57,求助贴：985小废物毕业迷茫了6年还在迷茫,6546,Amore,60766533000000000100b7c6,3211,2353,982,作者,0.7328,0.3595,0.3058,0.7868,0.75,0.3141,3303.03,2026-03-10 00:00:00,0.6339
3,69d47f5f0000000020038e77,https://www.xiaohongshu.com/explore/69d47f5f0000000020038e77,29岁的人生低谷想听听姐姐们的建议,9165,YakultM,640938f20000000014013a0a,4693,3378,1094,"人生建议,致迷茫的当代年轻人,想改变现状,人生低谷熬过去,作者",0.7198,0.3686,0.2331,0.7728,0.7691,0.2394,2631.07,2026-04-07 00:00:00,0.6117
4,6a2a448c00000000070134e0,https://www.xiaohongshu.com/explore/6a2a448c00000000070134e0,教培人的迷茫,895,johnwick,5f05ab910000000001000b0c,423,238,234,作者,0.5626,0.2659,0.5532,0.6041,0.5549,0.5681,1071.02,2026-06-11 00:00:00,0.5785
5,6a190a87000000000603248d,https://www.xiaohongshu.com/explore/6a190a87000000000603248d,31岁设计离职 到底转什么职业（不靠谱版,2322,张十一,631041ac000000000f0054c8,1062,376,884,此时此刻的心情,0.354,0.1619,0.8324,0.3801,0.3379,0.8548,8799.06,2025-07-24 00:00:00,0.5099
6,6a49421e0000000011013ebb,https://www.xiaohongshu.com/explore/6a49421e0000000011013ebb,在日本呆不下去了,1119,jeii,6a197bc30000000002002400,495,142,482,"大学生,硬件,硬件工程师,pcb,工科,作者",0.2869,0.1269,0.9737,0.308,0.2648,1.0,903.06,2026-06-18 00:00:00,0.5026
7,69f5c326000000003502a295,https://www.xiaohongshu.com/explore/69f5c326000000003502a295,干了六年的硬件工程师，越来越迷茫了,2156,硬件物语,693e9e770000000037009303,1163,573,420,"女性成长,自由职业者,张骏,自我价值,自媒体,作者",0.4927,0.2658,0.3611,0.529,0.5545,0.3709,0,,0.4892
8,6a4cf163000000001603df92,https://www.xiaohongshu.com/explore/6a4cf163000000001603df92,27岁女教师裸辞转行无果🙃,3353,很OK呀,5bb36503f7e8b9552d753914,1844,931,578,"裸辞,教师转行,工作迷茫中,作者",0.5049,0.2777,0.3134,0.5421,0.5794,0.3219,0,,0.4872
9,6a53ca73000000000603277c,https://www.xiaohongshu.com/explore/6a53ca73000000000603277c,每个想做自媒体的人，都该先听完张骏这段话,6348,言究这个时代,65abedcc000000000d01ea52,4010,2309,29,"工作迷茫中,我的找工作日记,我需要工作",0.5758,0.3637,0.0072,0.6182,0.759,0.0074,1575.09,2026-05-21 00:00:00,0.4772
10,68816197000000000d025fbb,https://www.xiaohongshu.com/explore/68816197000000000d025fbb,真的很迷茫,72,红薯,5ab364d2e8ac2b01445c5d52,35,11,26,"infp,天秤座,设计师转行出路,工作迷茫中,作者",0.3143,0.1528,0.7429,0.3374,0.3188,0.7629,1383.06,2026-05-29 00:00:00,0.4595
11,6a160d64000000000702ef68,https://www.xiaohongshu.com/explore/6a160d64000000000702ef68,毕业后，在出租屋躺了大半年,12704,今日Kyou,6550e5e200000000020118e8,7817,3231,1656,"回到出租屋,即将毕业的压力,毕业后的人生旷野,毕业两年的状态,作者",0.4133,0.2543,0.2118,0.4438,0.5307,0.2176,1407.03,2026-05-28 00:00:00,0.402
12,6a1a7bf40000000035025b4d,https://www.xiaohongshu.com/explore/6a1a7bf40000000035025b4d,建议所有人不要在迷茫的时候算命,312,淋淋🐻｜小心熊,6697906f000000000303319b,162,39,111,"网文作者,写小说,晋江签约,全职作者,小说写作灵感,晋江小说,晋江作者,写作赚钱,写网文,我的写作日常,作者",0.2407,0.125,0.6852,0.2585,0.2608,0.7037,9471.09,2025-06-26 00:00:00,0.3927
13,685aad67000000002203dab7,https://www.xiaohongshu.com/explore/685aad67000000002203dab7,写小说财富自由后，人生有些迷茫,18965,写小说的兔叽（德国受苦版）,6562277500000000020297d8,11667,4077,3221,,0.3494,0.215,0.2761,0.3752,0.4486,0.2835,0,,0.3697
14,6a58c8b1000000001d020c14,https://www.xiaohongshu.com/explore/6a58c8b1000000001d020c14,青旅里住满了绝望的，找不到工作的年轻人。,3084,林下风,5b176c1ee8ac2b05c15a9266,2032,557,495,"苏州旅居,青旅日常,当代年轻人就业现状,30岁人生,低谷期,在外漂泊的人,找工作,绝望瞬间,失业,生活随笔,作者",0.2741,0.1806,0.2436,0.2943,0.3769,0.2502,0,,0.3058
15,695e2d60000000001a02f145,https://www.xiaohongshu.com/explore/695e2d60000000001a02f145,,2032,滔涛韬,6746e6b100000000010010d9,1428,436,168,"个人成长,观点分享,女性成长,大学生,焦虑,认知觉醒,迷茫,拒绝内耗,被讨厌的勇气,20岁,作者",0.3053,0.2146,0.1176,0.3278,0.4477,0.1208,1359.08,2026-05-30 00:00:00,0.3017
16,6a56720c000000000702cd88,https://www.xiaohongshu.com/explore/6a56720c000000000702cd88,26岁，已平静接纳自己就是个废物,1112,前方允许停留,66966cbf000000000b033500,761,177,174,"日本,留学,作者",0.2326,0.1592,0.2286,0.2497,0.3321,0.2348,0,,0.27
17,6a021e33000000000802710c,https://www.xiaohongshu.com/explore/6a021e33000000000802710c,毕业不工作在家的一些思想转变,19069,今晚回家吃饭吗,6a0193710000000002000003,14635,4143,291,"毕业生对未来很迷茫,一些奇奇怪怪的想法,乱七八糟的想法,工作之后的我,无聊中找点事情做,突发奇想的感慨,作者",0.2831,0.2173,0.0199,0.3039,0.4533,0.0204,1791.04,2026-05-12 00:00:00,0.2637
18,6a0e7d920000000037034283,https://www.xiaohongshu.com/explore/6a0e7d920000000037034283,我感觉我已经找不到工作了,1620,亨利怎么了,5c8254d90000000016036570,1008,147,465,"成长感悟,女性成长,时间的齿轮开始转动,我的人生vlog,变化,人对时间毫无还手之力,作者",0.1458,0.0907,0.4613,0.1566,0.1893,0.4738,5391.1,2025-12-13 00:00:00,0.2616
19,69a538ae0000000022032052,https://www.xiaohongshu.com/explore/69a538ae0000000022032052,建议大家低谷期的时候有点钱就该去穷游,9308,仓鼠飞轮,6550e5e200000000020118e8,6846,1596,866,"回到出租屋,即将毕业的压力,毕业后的人生旷野,毕业两年的状态,作者",0.2331,0.1715,0.1265,0.2503,0.3578,0.1299,1407.05,2026-05-28 00:00:00,0.2464
